train_number,train_name,origin,destination,seat_class,weather,current_delay_minutes,distance_km,scheduled_halts,hour_of_day,is_rush_hour,will_be_delayed
793,Panchagarh Express,Dhaka (Kamalapur),Panchagarh,AC_B,clear,0,480,11,3,0,0
704,Mohanagar Godhuli,Chattogram,Dhaka (Kamalapur),SHOVAN,clear,0,320,9,19,1,0
707,Tista Express,Dhaka (Kamalapur),Jamalpur,SHULOV,cloudy,0,240,10,0,0,1
791,Banalata Express,Dhaka (Kamalapur),Rajshahi,SNIGDHA,clear,0,343,3,3,0,0
739,Upaban Express,Dhaka (Kamalapur),Sylhet,AC_B,cloudy,0,319,10,17,1,0
754,Silkcity Express,Rajshahi,Dhaka (Kamalapur),SHOVAN,clear,0,343,9,9,1,0
721,Mohanagar Express,Dhaka (Kamalapur),Chattogram,S_CHAIR,clear,0,320,8,21,0,0
707,Tista Express,Dhaka (Kamalapur),Jamalpur,AC_B,cloudy,0,240,10,14,0,0
793,Panchagarh Express,Dhaka (Kamalapur),Panchagarh,SHULOV,cloudy,12,480,11,10,0,1
765,Nilsagar Express,Dhaka (Kamalapur),Chilahati,SHULOV,clear,23,460,13,14,0,1
727,Rupsha Express,Khulna,Chilahati,SHOVAN,cloudy,10,450,16,11,0,0
795,Benapole Express,Dhaka (Kamalapur),Benapole,S_CHAIR,clear,1,420,7,21,0,1
759,Padma Express,Dhaka (Kamalapur),Rajshahi,SHOVAN,heavy_rain,19,343,9,0,0,1
706,Ekota Express,Panchagarh,Dhaka (Kamalapur),SNIGDHA,light_rain,0,480,14,14,0,0
750,Egarosindhur Godhuli,Kishoreganj,Dhaka (Kamalapur),F_CHAIR,heavy_rain,0,135,8,20,1,1
771,Rangpur Express,Dhaka (Kamalapur),Rangpur,AC_S,clear,80,465,12,0,0,1
722,Mohanagar Express,Chattogram,Dhaka (Kamalapur),SNIGDHA,light_rain,0,320,8,18,1,1
764,Chitra Express,Khulna,Dhaka (Kamalapur),AC_B,heavy_rain,9,405,13,17,1,1
771,Rangpur Express,Dhaka (Kamalapur),Rangpur,S_CHAIR,heavy_rain,0,465,12,21,0,1
705,Ekota Express,Dhaka (Kamalapur),Panchagarh,S_CHAIR,clear,0,480,14,17,1,1
703,Mohanagar Provati,Dhaka (Kamalapur),Chattogram,SHULOV,cloudy,0,320,9,10,0,0
743,Brahmaputra Express,Dhaka (Kamalapur),Jamalpur,S_CHAIR,clear,0,240,12,15,0,0
721,Mohanagar Express,Dhaka (Kamalapur),Chattogram,SHULOV,clear,24,320,8,1,0,0
721,Mohanagar Express,Dhaka (Kamalapur),Chattogram,AC_B,clear,0,320,8,17,1,0
740,Upaban Express,Sylhet,Dhaka (Kamalapur),S_CHAIR,clear,25,319,10,17,1,0
706,Ekota Express,Panchagarh,Dhaka (Kamalapur),AC_B,heavy_rain,0,480,14,6,0,0
802,Chattala Express,Dhaka (Kamalapur),Chattogram,S_CHAIR,clear,19,320,12,14,0,0
750,Egarosindhur Godhuli,Kishoreganj,Dhaka (Kamalapur),SHOVAN,cloudy,0,135,8,1,0,0
727,Rupsha Express,Khulna,Chilahati,F_CHAIR,clear,26,450,16,16,0,0
704,Mohanagar Godhuli,Chattogram,Dhaka (Kamalapur),AC_S,clear,0,320,9,18,1,0
797,Kurigram Express,Dhaka (Kamalapur),Kurigram,F_BERTH,clear,0,500,15,8,1,0
710,Parabat Express,Sylhet,Dhaka (Kamalapur),SNIGDHA,clear,51,319,11,2,0,1
765,Nilsagar Express,Dhaka (Kamalapur),Chilahati,AC_B,clear,0,460,13,11,0,0
754,Silkcity Express,Rajshahi,Dhaka (Kamalapur),SNIGDHA,clear,70,343,9,20,1,1
757,Drutojan Express,Dhaka (Kamalapur),Panchagarh,SNIGDHA,heavy_rain,0,480,13,3,0,1
717,Joyantika Express,Dhaka (Kamalapur),Sylhet,SHOVAN,clear,6,319,13,8,1,1
788,Sonar Bangla Express,Chattogram,Dhaka (Kamalapur),AC_B,cloudy,0,320,4,4,0,0
727,Rupsha Express,Khulna,Chilahati,S_CHAIR,cloudy,0,450,16,22,0,0
754,Silkcity Express,Rajshahi,Dhaka (Kamalapur),SHOVAN,cloudy,0,343,9,1,0,0
710,Parabat Express,Sylhet,Dhaka (Kamalapur),SHULOV,clear,9,319,11,7,1,0
715,Kapotaksha Express,Khulna,Rajshahi,F_SEAT,light_rain,78,280,14,13,0,1
715,Kapotaksha Express,Khulna,Rajshahi,F_SEAT,clear,0,280,14,15,0,0
726,Sundarban Express,Khulna,Dhaka (Kamalapur),SNIGDHA,clear,4,405,11,12,0,0
731,Barendra Express,Rajshahi,Chilahati,F_CHAIR,clear,74,320,13,17,1,1
739,Upaban Express,Dhaka (Kamalapur),Sylhet,AC_S,cloudy,5,319,10,11,0,0
771,Rangpur Express,Dhaka (Kamalapur),Rangpur,SHOVAN,clear,0,465,12,13,0,0
706,Ekota Express,Panchagarh,Dhaka (Kamalapur),SHULOV,cloudy,0,480,14,21,0,0
743,Brahmaputra Express,Dhaka (Kamalapur),Jamalpur,AC_B,cloudy,5,240,12,10,0,0
741,Turna Nishitha,Dhaka (Kamalapur),Chattogram,AC_S,clear,7,320,8,12,0,1
717,Joyantika Express,Dhaka (Kamalapur),Sylhet,AC_S,clear,0,319,13,14,0,0
763,Chitra Express,Dhaka (Kamalapur),Khulna,SHULOV,clear,2,405,13,19,1,0
761,Sagardari Express,Khulna,Rajshahi,F_SEAT,cloudy,0,280,12,7,1,0
731,Barendra Express,Rajshahi,Chilahati,F_BERTH,cloudy,10,320,13,15,0,1
777,Haor Express,Dhaka (Kamalapur),Mohanganj,AC_B,light_rain,0,280,12,22,0,1
710,Parabat Express,Sylhet,Dhaka (Kamalapur),AC_B,cloudy,8,319,11,14,0,0
795,Benapole Express,Dhaka (Kamalapur),Benapole,S_CHAIR,light_rain,0,420,7,15,0,0
793,Panchagarh Express,Dhaka (Kamalapur),Panchagarh,SNIGDHA,light_rain,0,480,11,14,0,1
740,Upaban Express,Sylhet,Dhaka (Kamalapur),SNIGDHA,clear,0,319,10,12,0,0
703,Mohanagar Provati,Dhaka (Kamalapur),Chattogram,S_CHAIR,clear,0,320,9,13,0,0
777,Haor Express,Dhaka (Kamalapur),Mohanganj,AC_B,light_rain,0,280,12,11,0,0
769,Dhumketu Express,Dhaka (Kamalapur),Rajshahi,SHOVAN,cloudy,0,343,8,7,1,0
759,Padma Express,Dhaka (Kamalapur),Rajshahi,SNIGDHA,cloudy,0,343,9,4,0,0
760,Padma Express,Rajshahi,Dhaka (Kamalapur),SHOVAN,cloudy,0,343,9,14,0,0
719,Paharika Express,Chattogram,Sylhet,AC_S,cloudy,6,430,14,13,0,1
702,Subarna Express,Chattogram,Dhaka (Kamalapur),SHULOV,cloudy,0,320,4,20,1,1
710,Parabat Express,Sylhet,Dhaka (Kamalapur),AC_S,light_rain,0,319,11,21,0,0
726,Sundarban Express,Khulna,Dhaka (Kamalapur),SHULOV,clear,6,405,11,23,0,0
802,Chattala Express,Dhaka (Kamalapur),Chattogram,SNIGDHA,clear,1,320,12,12,0,0
703,Mohanagar Provati,Dhaka (Kamalapur),Chattogram,SHOVAN,cloudy,14,320,9,21,0,1
765,Nilsagar Express,Dhaka (Kamalapur),Chilahati,AC_B,clear,0,460,13,10,0,0
764,Chitra Express,Khulna,Dhaka (Kamalapur),AC_B,clear,0,405,13,5,0,0
740,Upaban Express,Sylhet,Dhaka (Kamalapur),SHOVAN,light_rain,0,319,10,23,0,1
710,Parabat Express,Sylhet,Dhaka (Kamalapur),AC_B,clear,0,319,11,19,1,0
764,Chitra Express,Khulna,Dhaka (Kamalapur),SNIGDHA,clear,0,405,13,8,1,0
740,Upaban Express,Sylhet,Dhaka (Kamalapur),SHOVAN,clear,4,319,10,15,0,0
763,Chitra Express,Dhaka (Kamalapur),Khulna,SHULOV,cloudy,0,405,13,12,0,0
766,Nilsagar Express,Chilahati,Dhaka (Kamalapur),SNIGDHA,cloudy,58,460,13,17,1,1
740,Upaban Express,Sylhet,Dhaka (Kamalapur),SNIGDHA,clear,0,319,10,17,1,0
814,Cox's Bazar Express,Cox's Bazar,Dhaka (Kamalapur),AC_S,cloudy,0,452,6,9,1,0
717,Joyantika Express,Dhaka (Kamalapur),Sylhet,AC_S,clear,0,319,13,8,1,1
717,Joyantika Express,Dhaka (Kamalapur),Sylhet,SHULOV,heavy_rain,0,319,13,9,1,1
813,Cox's Bazar Express,Dhaka (Kamalapur),Cox's Bazar,AC_B,clear,0,452,6,15,0,0
788,Sonar Bangla Express,Chattogram,Dhaka (Kamalapur),AC_B,clear,36,320,4,3,0,1
771,Rangpur Express,Dhaka (Kamalapur),Rangpur,SHOVAN,clear,23,465,12,9,1,0
773,Kalni Express,Dhaka (Kamalapur),Sylhet,SHOVAN,cloudy,0,319,8,6,0,1
710,Parabat Express,Sylhet,Dhaka (Kamalapur),AC_S,cloudy,0,319,11,19,1,1
717,Joyantika Express,Dhaka (Kamalapur),Sylhet,SHULOV,clear,0,319,13,8,1,0
743,Brahmaputra Express,Dhaka (Kamalapur),Jamalpur,AC_S,clear,0,240,12,8,1,1
802,Chattala Express,Dhaka (Kamalapur),Chattogram,SNIGDHA,cloudy,0,320,12,22,0,0
740,Upaban Express,Sylhet,Dhaka (Kamalapur),SHOVAN,cloudy,0,319,10,13,0,0
702,Subarna Express,Chattogram,Dhaka (Kamalapur),AC_B,clear,32,320,4,21,0,0
761,Sagardari Express,Khulna,Rajshahi,F_SEAT,cloudy,42,280,12,13,0,1
704,Mohanagar Godhuli,Chattogram,Dhaka (Kamalapur),S_CHAIR,clear,0,320,9,5,0,0
717,Joyantika Express,Dhaka (Kamalapur),Sylhet,SHULOV,heavy_rain,0,319,13,8,1,0
760,Padma Express,Rajshahi,Dhaka (Kamalapur),SHOVAN,light_rain,0,343,9,6,0,0
764,Chitra Express,Khulna,Dhaka (Kamalapur),SHULOV,clear,0,405,13,9,1,0
722,Mohanagar Express,Chattogram,Dhaka (Kamalapur),AC_B,heavy_rain,0,320,8,17,1,1
709,Parabat Express,Dhaka (Kamalapur),Sylhet,AC_B,cloudy,62,319,11,9,1,1
763,Chitra Express,Dhaka (Kamalapur),Khulna,S_CHAIR,clear,0,405,13,19,1,0
703,Mohanagar Provati,Dhaka (Kamalapur),Chattogram,SNIGDHA,light_rain,21,320,9,8,1,1
773,Kalni Express,Dhaka (Kamalapur),Sylhet,SHOVAN,cloudy,0,319,8,11,0,0
759,Padma Express,Dhaka (Kamalapur),Rajshahi,S_CHAIR,heavy_rain,0,343,9,13,0,0
737,Egarosindhur Provati,Dhaka (Kamalapur),Kishoreganj,S_CHAIR,clear,0,135,8,18,1,1
725,Sundarban Express,Dhaka (Kamalapur),Khulna,AC_B,cloudy,0,405,11,20,1,1
733,Titumir Express,Rajshahi,Chilahati,F_CHAIR,clear,0,320,12,21,0,0
719,Paharika Express,Chattogram,Sylhet,SHULOV,cloudy,8,430,14,7,1,0
709,Parabat Express,Dhaka (Kamalapur),Sylhet,SHULOV,clear,0,319,11,9,1,1
733,Titumir Express,Rajshahi,Chilahati,F_BERTH,clear,0,320,12,13,0,0
802,Chattala Express,Dhaka (Kamalapur),Chattogram,AC_S,clear,0,320,12,18,1,0
739,Upaban Express,Dhaka (Kamalapur),Sylhet,S_CHAIR,clear,0,319,10,17,1,0
753,Silkcity Express,Dhaka (Kamalapur),Rajshahi,SHOVAN,clear,19,343,9,6,0,0
721,Mohanagar Express,Dhaka (Kamalapur),Chattogram,AC_S,clear,49,320,8,9,1,0
760,Padma Express,Rajshahi,Dhaka (Kamalapur),SNIGDHA,clear,0,343,9,9,1,1
715,Kapotaksha Express,Khulna,Rajshahi,F_CHAIR,clear,4,280,14,23,0,0
741,Turna Nishitha,Dhaka (Kamalapur),Chattogram,SHULOV,clear,0,320,8,18,1,1
717,Joyantika Express,Dhaka (Kamalapur),Sylhet,SNIGDHA,cloudy,17,319,13,11,0,0
802,Chattala Express,Dhaka (Kamalapur),Chattogram,SNIGDHA,light_rain,20,320,12,3,0,1
761,Sagardari Express,Khulna,Rajshahi,F_SEAT,light_rain,0,280,12,12,0,0
726,Sundarban Express,Khulna,Dhaka (Kamalapur),SNIGDHA,cloudy,29,405,11,11,0,1
702,Subarna Express,Chattogram,Dhaka (Kamalapur),SHOVAN,light_rain,9,320,4,20,1,0
777,Haor Express,Dhaka (Kamalapur),Mohanganj,SNIGDHA,cloudy,33,280,12,9,1,1
710,Parabat Express,Sylhet,Dhaka (Kamalapur),SHOVAN,clear,73,319,11,22,0,1
727,Rupsha Express,Khulna,Chilahati,SHULOV,clear,0,450,16,13,0,0
777,Haor Express,Dhaka (Kamalapur),Mohanganj,SNIGDHA,clear,0,280,12,21,0,0
707,Tista Express,Dhaka (Kamalapur),Jamalpur,SNIGDHA,clear,38,240,10,14,0,1
793,Panchagarh Express,Dhaka (Kamalapur),Panchagarh,SHOVAN,heavy_rain,46,480,11,18,1,1
757,Drutojan Express,Dhaka (Kamalapur),Panchagarh,AC_S,cloudy,0,480,13,19,1,0
742,Turna Nishitha,Chattogram,Dhaka (Kamalapur),AC_S,cloudy,14,320,8,4,0,0
710,Parabat Express,Sylhet,Dhaka (Kamalapur),SHOVAN,clear,0,319,11,13,0,0
763,Chitra Express,Dhaka (Kamalapur),Khulna,S_CHAIR,light_rain,0,405,13,7,1,1
733,Titumir Express,Rajshahi,Chilahati,SHULOV,cloudy,34,320,12,12,0,1
737,Egarosindhur Provati,Dhaka (Kamalapur),Kishoreganj,S_CHAIR,clear,0,135,8,4,0,0
757,Drutojan Express,Dhaka (Kamalapur),Panchagarh,SHULOV,clear,0,480,13,19,1,0
722,Mohanagar Express,Chattogram,Dhaka (Kamalapur),SHULOV,cloudy,0,320,8,7,1,0
760,Padma Express,Rajshahi,Dhaka (Kamalapur),S_CHAIR,cloudy,6,343,9,11,0,0
763,Chitra Express,Dhaka (Kamalapur),Khulna,AC_B,clear,0,405,13,23,0,1
788,Sonar Bangla Express,Chattogram,Dhaka (Kamalapur),SNIGDHA,heavy_rain,0,320,4,11,0,0
791,Banalata Express,Dhaka (Kamalapur),Rajshahi,SHULOV,clear,0,343,3,18,1,1
763,Chitra Express,Dhaka (Kamalapur),Khulna,AC_S,light_rain,0,405,13,8,1,0
757,Drutojan Express,Dhaka (Kamalapur),Panchagarh,SHOVAN,cloudy,69,480,13,22,0,1
777,Haor Express,Dhaka (Kamalapur),Mohanganj,SNIGDHA,light_rain,11,280,12,18,1,1
727,Rupsha Express,Khulna,Chilahati,SHULOV,heavy_rain,0,450,16,14,0,1
750,Egarosindhur Godhuli,Kishoreganj,Dhaka (Kamalapur),F_CHAIR,light_rain,30,135,8,4,0,1
735,Agnibina Express,Dhaka (Kamalapur),Jamalpur,AC_B,clear,0,240,11,8,1,0
753,Silkcity Express,Dhaka (Kamalapur),Rajshahi,S_CHAIR,clear,10,343,9,1,0,0
788,Sonar Bangla Express,Chattogram,Dhaka (Kamalapur),AC_B,clear,0,320,4,10,0,0
791,Banalata Express,Dhaka (Kamalapur),Rajshahi,AC_S,clear,9,343,3,21,0,1
727,Rupsha Express,Khulna,Chilahati,F_BERTH,clear,0,450,16,13,0,0
769,Dhumketu Express,Dhaka (Kamalapur),Rajshahi,SNIGDHA,clear,21,343,8,19,1,0
754,Silkcity Express,Rajshahi,Dhaka (Kamalapur),AC_B,clear,2,343,9,16,0,0
727,Rupsha Express,Khulna,Chilahati,F_CHAIR,clear,3,450,16,16,0,0
753,Silkcity Express,Dhaka (Kamalapur),Rajshahi,SNIGDHA,cloudy,0,343,9,6,0,0
761,Sagardari Express,Khulna,Rajshahi,SHULOV,clear,8,280,12,18,1,0
765,Nilsagar Express,Dhaka (Kamalapur),Chilahati,SHULOV,cloudy,86,460,13,10,0,1
725,Sundarban Express,Dhaka (Kamalapur),Khulna,SHULOV,clear,0,405,11,2,0,0
788,Sonar Bangla Express,Chattogram,Dhaka (Kamalapur),AC_S,light_rain,2,320,4,12,0,0
733,Titumir Express,Rajshahi,Chilahati,SHULOV,light_rain,0,320,12,19,1,1
788,Sonar Bangla Express,Chattogram,Dhaka (Kamalapur),AC_S,clear,6,320,4,1,0,0
725,Sundarban Express,Dhaka (Kamalapur),Khulna,SHOVAN,cloudy,22,405,11,12,0,1
771,Rangpur Express,Dhaka (Kamalapur),Rangpur,AC_B,light_rain,0,465,12,21,0,1
743,Brahmaputra Express,Dhaka (Kamalapur),Jamalpur,SHOVAN,light_rain,6,240,12,11,0,0
743,Brahmaputra Express,Dhaka (Kamalapur),Jamalpur,S_CHAIR,clear,0,240,12,10,0,0
727,Rupsha Express,Khulna,Chilahati,SHULOV,light_rain,0,450,16,11,0,0
723,Udayan Express,Sylhet,Chattogram,S_CHAIR,clear,0,430,14,3,0,0
727,Rupsha Express,Khulna,Chilahati,SHOVAN,clear,6,450,16,4,0,0
731,Barendra Express,Rajshahi,Chilahati,SHOVAN,light_rain,0,320,13,21,0,0
797,Kurigram Express,Dhaka (Kamalapur),Kurigram,F_CHAIR,light_rain,0,500,15,15,0,1
735,Agnibina Express,Dhaka (Kamalapur),Jamalpur,SHOVAN,heavy_rain,0,240,11,16,0,1
814,Cox's Bazar Express,Cox's Bazar,Dhaka (Kamalapur),SHOVAN,clear,0,452,6,11,0,1
705,Ekota Express,Dhaka (Kamalapur),Panchagarh,AC_B,clear,19,480,14,4,0,1
709,Parabat Express,Dhaka (Kamalapur),Sylhet,S_CHAIR,light_rain,0,319,11,11,0,0
754,Silkcity Express,Rajshahi,Dhaka (Kamalapur),AC_S,clear,0,343,9,1,0,0
777,Haor Express,Dhaka (Kamalapur),Mohanganj,AC_S,light_rain,0,280,12,2,0,1
742,Turna Nishitha,Chattogram,Dhaka (Kamalapur),SHOVAN,heavy_rain,0,320,8,9,1,1
710,Parabat Express,Sylhet,Dhaka (Kamalapur),S_CHAIR,cloudy,0,319,11,15,0,1
795,Benapole Express,Dhaka (Kamalapur),Benapole,SHOVAN,clear,0,420,7,11,0,0
743,Brahmaputra Express,Dhaka (Kamalapur),Jamalpur,SHULOV,clear,0,240,12,16,0,0
763,Chitra Express,Dhaka (Kamalapur),Khulna,AC_B,cloudy,0,405,13,2,0,0
793,Panchagarh Express,Dhaka (Kamalapur),Panchagarh,AC_B,light_rain,0,480,11,10,0,1
731,Barendra Express,Rajshahi,Chilahati,SHULOV,cloudy,0,320,13,22,0,0
717,Joyantika Express,Dhaka (Kamalapur),Sylhet,AC_S,clear,51,319,13,16,0,0
763,Chitra Express,Dhaka (Kamalapur),Khulna,SNIGDHA,clear,20,405,13,1,0,1
722,Mohanagar Express,Chattogram,Dhaka (Kamalapur),SNIGDHA,clear,88,320,8,10,0,1
764,Chitra Express,Khulna,Dhaka (Kamalapur),SNIGDHA,light_rain,0,405,13,13,0,0
813,Cox's Bazar Express,Dhaka (Kamalapur),Cox's Bazar,SHOVAN,clear,2,452,6,9,1,0
802,Chattala Express,Dhaka (Kamalapur),Chattogram,SHULOV,clear,12,320,12,11,0,0
793,Panchagarh Express,Dhaka (Kamalapur),Panchagarh,AC_B,clear,22,480,11,21,0,1
771,Rangpur Express,Dhaka (Kamalapur),Rangpur,SHULOV,light_rain,0,465,12,20,1,1
765,Nilsagar Express,Dhaka (Kamalapur),Chilahati,AC_B,cloudy,0,460,13,2,0,0
760,Padma Express,Rajshahi,Dhaka (Kamalapur),SNIGDHA,cloudy,4,343,9,15,0,0
722,Mohanagar Express,Chattogram,Dhaka (Kamalapur),SNIGDHA,light_rain,0,320,8,15,0,1
703,Mohanagar Provati,Dhaka (Kamalapur),Chattogram,S_CHAIR,clear,8,320,9,10,0,0
757,Drutojan Express,Dhaka (Kamalapur),Panchagarh,SHOVAN,clear,5,480,13,22,0,0
795,Benapole Express,Dhaka (Kamalapur),Benapole,AC_S,clear,15,420,7,0,0,0
726,Sundarban Express,Khulna,Dhaka (Kamalapur),SHOVAN,clear,0,405,11,22,0,0
731,Barendra Express,Rajshahi,Chilahati,S_CHAIR,light_rain,2,320,13,14,0,0
741,Turna Nishitha,Dhaka (Kamalapur),Chattogram,SHOVAN,cloudy,0,320,8,1,0,0
773,Kalni Express,Dhaka (Kamalapur),Sylhet,AC_S,clear,22,319,8,2,0,0
757,Drutojan Express,Dhaka (Kamalapur),Panchagarh,SNIGDHA,clear,0,480,13,20,1,0
742,Turna Nishitha,Chattogram,Dhaka (Kamalapur),AC_S,cloudy,84,320,8,1,0,1
787,Sonar Bangla Express,Dhaka (Kamalapur),Chattogram,SNIGDHA,light_rain,5,320,4,19,1,1
793,Panchagarh Express,Dhaka (Kamalapur),Panchagarh,SHOVAN,clear,26,480,11,21,0,1
777,Haor Express,Dhaka (Kamalapur),Mohanganj,AC_B,clear,0,280,12,19,1,0
719,Paharika Express,Chattogram,Sylhet,SHULOV,heavy_rain,6,430,14,16,0,1
726,Sundarban Express,Khulna,Dhaka (Kamalapur),AC_B,clear,0,405,11,12,0,0
802,Chattala Express,Dhaka (Kamalapur),Chattogram,SNIGDHA,heavy_rain,0,320,12,16,0,0
764,Chitra Express,Khulna,Dhaka (Kamalapur),AC_B,clear,60,405,13,6,0,1
717,Joyantika Express,Dhaka (Kamalapur),Sylhet,S_CHAIR,cloudy,0,319,13,3,0,0
750,Egarosindhur Godhuli,Kishoreganj,Dhaka (Kamalapur),F_CHAIR,light_rain,0,135,8,17,1,0
703,Mohanagar Provati,Dhaka (Kamalapur),Chattogram,S_CHAIR,cloudy,83,320,9,21,0,1
721,Mohanagar Express,Dhaka (Kamalapur),Chattogram,S_CHAIR,clear,6,320,8,6,0,0
787,Sonar Bangla Express,Dhaka (Kamalapur),Chattogram,AC_B,clear,0,320,4,19,1,1
797,Kurigram Express,Dhaka (Kamalapur),Kurigram,F_CHAIR,clear,0,500,15,16,0,0
773,Kalni Express,Dhaka (Kamalapur),Sylhet,S_CHAIR,light_rain,0,319,8,13,0,0
750,Egarosindhur Godhuli,Kishoreganj,Dhaka (Kamalapur),SHULOV,cloudy,47,135,8,18,1,1
766,Nilsagar Express,Chilahati,Dhaka (Kamalapur),S_CHAIR,clear,23,460,13,7,1,0
722,Mohanagar Express,Chattogram,Dhaka (Kamalapur),AC_S,clear,0,320,8,6,0,0
763,Chitra Express,Dhaka (Kamalapur),Khulna,SHULOV,cloudy,3,405,13,21,0,0
813,Cox's Bazar Express,Dhaka (Kamalapur),Cox's Bazar,S_CHAIR,light_rain,6,452,6,23,0,0
739,Upaban Express,Dhaka (Kamalapur),Sylhet,SHOVAN,cloudy,0,319,10,9,1,0
777,Haor Express,Dhaka (Kamalapur),Mohanganj,SHULOV,cloudy,66,280,12,23,0,1
735,Agnibina Express,Dhaka (Kamalapur),Jamalpur,SHOVAN,clear,22,240,11,9,1,0
704,Mohanagar Godhuli,Chattogram,Dhaka (Kamalapur),SNIGDHA,light_rain,0,320,9,17,1,0
740,Upaban Express,Sylhet,Dhaka (Kamalapur),AC_S,clear,0,319,10,16,0,0
721,Mohanagar Express,Dhaka (Kamalapur),Chattogram,S_CHAIR,clear,14,320,8,0,0,0
802,Chattala Express,Dhaka (Kamalapur),Chattogram,S_CHAIR,cloudy,0,320,12,9,1,0
731,Barendra Express,Rajshahi,Chilahati,F_BERTH,cloudy,4,320,13,1,0,1
813,Cox's Bazar Express,Dhaka (Kamalapur),Cox's Bazar,AC_B,heavy_rain,42,452,6,9,1,1
765,Nilsagar Express,Dhaka (Kamalapur),Chilahati,SHOVAN,clear,60,460,13,17,1,0
741,Turna Nishitha,Dhaka (Kamalapur),Chattogram,SHOVAN,cloudy,0,320,8,14,0,0
701,Subarna Express,Dhaka (Kamalapur),Chattogram,SHULOV,clear,5,320,4,5,0,0
760,Padma Express,Rajshahi,Dhaka (Kamalapur),S_CHAIR,cloudy,0,343,9,4,0,0
701,Subarna Express,Dhaka (Kamalapur),Chattogram,SNIGDHA,clear,0,320,4,23,0,0
754,Silkcity Express,Rajshahi,Dhaka (Kamalapur),SHULOV,clear,0,343,9,21,0,0
737,Egarosindhur Provati,Dhaka (Kamalapur),Kishoreganj,F_CHAIR,cloudy,0,135,8,4,0,0
771,Rangpur Express,Dhaka (Kamalapur),Rangpur,SNIGDHA,clear,0,465,12,21,0,0
735,Agnibina Express,Dhaka (Kamalapur),Jamalpur,SHOVAN,light_rain,0,240,11,11,0,0
788,Sonar Bangla Express,Chattogram,Dhaka (Kamalapur),SNIGDHA,light_rain,0,320,4,10,0,0
735,Agnibina Express,Dhaka (Kamalapur),Jamalpur,AC_S,cloudy,0,240,11,1,0,0
726,Sundarban Express,Khulna,Dhaka (Kamalapur),SHOVAN,clear,0,405,11,8,1,0
766,Nilsagar Express,Chilahati,Dhaka (Kamalapur),AC_B,clear,65,460,13,2,0,1
717,Joyantika Express,Dhaka (Kamalapur),Sylhet,S_CHAIR,clear,54,319,13,12,0,0
759,Padma Express,Dhaka (Kamalapur),Rajshahi,S_CHAIR,clear,15,343,9,3,0,0
705,Ekota Express,Dhaka (Kamalapur),Panchagarh,AC_S,cloudy,0,480,14,9,1,0
791,Banalata Express,Dhaka (Kamalapur),Rajshahi,SHOVAN,clear,0,343,3,8,1,0
761,Sagardari Express,Khulna,Rajshahi,F_BERTH,clear,80,280,12,0,0,1
771,Rangpur Express,Dhaka (Kamalapur),Rangpur,AC_B,clear,0,465,12,14,0,0
731,Barendra Express,Rajshahi,Chilahati,F_BERTH,clear,18,320,13,18,1,0
735,Agnibina Express,Dhaka (Kamalapur),Jamalpur,SNIGDHA,clear,0,240,11,8,1,0
727,Rupsha Express,Khulna,Chilahati,F_SEAT,cloudy,0,450,16,11,0,0
733,Titumir Express,Rajshahi,Chilahati,SHOVAN,clear,0,320,12,5,0,0
709,Parabat Express,Dhaka (Kamalapur),Sylhet,SNIGDHA,light_rain,0,319,11,13,0,0
741,Turna Nishitha,Dhaka (Kamalapur),Chattogram,S_CHAIR,clear,0,320,8,14,0,1
750,Egarosindhur Godhuli,Kishoreganj,Dhaka (Kamalapur),F_SEAT,clear,0,135,8,2,0,0
750,Egarosindhur Godhuli,Kishoreganj,Dhaka (Kamalapur),SHULOV,cloudy,17,135,8,9,1,1
814,Cox's Bazar Express,Cox's Bazar,Dhaka (Kamalapur),SHULOV,clear,8,452,6,6,0,0
719,Paharika Express,Chattogram,Sylhet,SNIGDHA,clear,0,430,14,16,0,0
715,Kapotaksha Express,Khulna,Rajshahi,SHULOV,cloudy,0,280,14,1,0,0
742,Turna Nishitha,Chattogram,Dhaka (Kamalapur),AC_B,clear,0,320,8,4,0,0
765,Nilsagar Express,Dhaka (Kamalapur),Chilahati,AC_S,cloudy,19,460,13,23,0,0
802,Chattala Express,Dhaka (Kamalapur),Chattogram,SHULOV,light_rain,0,320,12,5,0,0
707,Tista Express,Dhaka (Kamalapur),Jamalpur,AC_B,cloudy,0,240,10,4,0,0
737,Egarosindhur Provati,Dhaka (Kamalapur),Kishoreganj,F_SEAT,clear,0,135,8,20,1,0
763,Chitra Express,Dhaka (Kamalapur),Khulna,SHULOV,cloudy,0,405,13,0,0,0
717,Joyantika Express,Dhaka (Kamalapur),Sylhet,AC_B,cloudy,16,319,13,16,0,1
705,Ekota Express,Dhaka (Kamalapur),Panchagarh,SNIGDHA,light_rain,0,480,14,12,0,1
777,Haor Express,Dhaka (Kamalapur),Mohanganj,AC_S,clear,0,280,12,12,0,1
701,Subarna Express,Dhaka (Kamalapur),Chattogram,SHULOV,clear,24,320,4,18,1,0
705,Ekota Express,Dhaka (Kamalapur),Panchagarh,AC_B,clear,0,480,14,2,0,0
706,Ekota Express,Panchagarh,Dhaka (Kamalapur),SHOVAN,cloudy,32,480,14,18,1,0
760,Padma Express,Rajshahi,Dhaka (Kamalapur),AC_B,clear,18,343,9,12,0,0
759,Padma Express,Dhaka (Kamalapur),Rajshahi,SHULOV,clear,78,343,9,1,0,1
703,Mohanagar Provati,Dhaka (Kamalapur),Chattogram,SNIGDHA,cloudy,56,320,9,10,0,1
725,Sundarban Express,Dhaka (Kamalapur),Khulna,S_CHAIR,clear,0,405,11,18,1,1
797,Kurigram Express,Dhaka (Kamalapur),Kurigram,F_CHAIR,light_rain,0,500,15,22,0,1
759,Padma Express,Dhaka (Kamalapur),Rajshahi,SNIGDHA,clear,0,343,9,8,1,1
791,Banalata Express,Dhaka (Kamalapur),Rajshahi,S_CHAIR,cloudy,0,343,3,11,0,0
733,Titumir Express,Rajshahi,Chilahati,F_CHAIR,light_rain,0,320,12,2,0,0
710,Parabat Express,Sylhet,Dhaka (Kamalapur),SHOVAN,cloudy,0,319,11,8,1,1
791,Banalata Express,Dhaka (Kamalapur),Rajshahi,SNIGDHA,clear,0,343,3,7,1,0
797,Kurigram Express,Dhaka (Kamalapur),Kurigram,F_SEAT,cloudy,31,500,15,10,0,1
723,Udayan Express,Sylhet,Chattogram,S_CHAIR,clear,0,430,14,22,0,0
760,Padma Express,Rajshahi,Dhaka (Kamalapur),SNIGDHA,clear,0,343,9,12,0,0
754,Silkcity Express,Rajshahi,Dhaka (Kamalapur),AC_B,heavy_rain,0,343,9,17,1,1
737,Egarosindhur Provati,Dhaka (Kamalapur),Kishoreganj,F_SEAT,clear,13,135,8,13,0,1
773,Kalni Express,Dhaka (Kamalapur),Sylhet,AC_S,clear,0,319,8,14,0,0
760,Padma Express,Rajshahi,Dhaka (Kamalapur),SHOVAN,cloudy,28,343,9,11,0,0
771,Rangpur Express,Dhaka (Kamalapur),Rangpur,SHULOV,light_rain,2,465,12,5,0,1
707,Tista Express,Dhaka (Kamalapur),Jamalpur,SHULOV,cloudy,0,240,10,8,1,0
757,Drutojan Express,Dhaka (Kamalapur),Panchagarh,SHOVAN,cloudy,0,480,13,21,0,0
753,Silkcity Express,Dhaka (Kamalapur),Rajshahi,AC_B,cloudy,89,343,9,3,0,1
753,Silkcity Express,Dhaka (Kamalapur),Rajshahi,SNIGDHA,clear,0,343,9,3,0,0
719,Paharika Express,Chattogram,Sylhet,AC_B,clear,0,430,14,3,0,1
727,Rupsha Express,Khulna,Chilahati,F_SEAT,cloudy,9,450,16,14,0,0
813,Cox's Bazar Express,Dhaka (Kamalapur),Cox's Bazar,AC_S,cloudy,7,452,6,6,0,0
701,Subarna Express,Dhaka (Kamalapur),Chattogram,SHULOV,clear,0,320,4,17,1,0
726,Sundarban Express,Khulna,Dhaka (Kamalapur),AC_B,clear,0,405,11,12,0,0
753,Silkcity Express,Dhaka (Kamalapur),Rajshahi,SNIGDHA,light_rain,10,343,9,9,1,1
735,Agnibina Express,Dhaka (Kamalapur),Jamalpur,AC_S,clear,0,240,11,22,0,0
771,Rangpur Express,Dhaka (Kamalapur),Rangpur,AC_S,cloudy,7,465,12,22,0,0
813,Cox's Bazar Express,Dhaka (Kamalapur),Cox's Bazar,SHOVAN,clear,0,452,6,14,0,0
701,Subarna Express,Dhaka (Kamalapur),Chattogram,S_CHAIR,clear,7,320,4,13,0,0
725,Sundarban Express,Dhaka (Kamalapur),Khulna,S_CHAIR,clear,10,405,11,9,1,1
717,Joyantika Express,Dhaka (Kamalapur),Sylhet,AC_S,light_rain,0,319,13,18,1,0
754,Silkcity Express,Rajshahi,Dhaka (Kamalapur),SHOVAN,light_rain,0,343,9,13,0,0
761,Sagardari Express,Khulna,Rajshahi,F_SEAT,clear,0,280,12,2,0,0
731,Barendra Express,Rajshahi,Chilahati,F_SEAT,clear,10,320,13,20,1,0
733,Titumir Express,Rajshahi,Chilahati,F_SEAT,light_rain,0,320,12,19,1,1
737,Egarosindhur Provati,Dhaka (Kamalapur),Kishoreganj,F_CHAIR,clear,5,135,8,3,0,0
769,Dhumketu Express,Dhaka (Kamalapur),Rajshahi,AC_B,heavy_rain,0,343,8,10,0,0
735,Agnibina Express,Dhaka (Kamalapur),Jamalpur,S_CHAIR,cloudy,0,240,11,14,0,0
731,Barendra Express,Rajshahi,Chilahati,F_BERTH,clear,60,320,13,10,0,0
750,Egarosindhur Godhuli,Kishoreganj,Dhaka (Kamalapur),F_BERTH,cloudy,0,135,8,17,1,0
815,Parjatak Express,Dhaka (Kamalapur),Cox's Bazar,S_CHAIR,clear,5,452,5,18,1,0
735,Agnibina Express,Dhaka (Kamalapur),Jamalpur,AC_B,clear,38,240,11,5,0,1
791,Banalata Express,Dhaka (Kamalapur),Rajshahi,AC_S,heavy_rain,20,343,3,8,1,1
704,Mohanagar Godhuli,Chattogram,Dhaka (Kamalapur),SNIGDHA,cloudy,3,320,9,23,0,0
707,Tista Express,Dhaka (Kamalapur),Jamalpur,AC_B,cloudy,0,240,10,18,1,0
701,Subarna Express,Dhaka (Kamalapur),Chattogram,AC_B,cloudy,0,320,4,2,0,1
715,Kapotaksha Express,Khulna,Rajshahi,F_BERTH,clear,0,280,14,4,0,0
703,Mohanagar Provati,Dhaka (Kamalapur),Chattogram,SHOVAN,cloudy,0,320,9,6,0,1
769,Dhumketu Express,Dhaka (Kamalapur),Rajshahi,SHOVAN,cloudy,0,343,8,3,0,0
791,Banalata Express,Dhaka (Kamalapur),Rajshahi,SNIGDHA,light_rain,0,343,3,17,1,0
717,Joyantika Express,Dhaka (Kamalapur),Sylhet,SHULOV,clear,5,319,13,6,0,0
788,Sonar Bangla Express,Chattogram,Dhaka (Kamalapur),AC_B,cloudy,2,320,4,2,0,0
754,Silkcity Express,Rajshahi,Dhaka (Kamalapur),SNIGDHA,clear,0,343,9,5,0,0
731,Barendra Express,Rajshahi,Chilahati,F_BERTH,clear,0,320,13,1,0,0
717,Joyantika Express,Dhaka (Kamalapur),Sylhet,SHULOV,cloudy,0,319,13,20,1,0
740,Upaban Express,Sylhet,Dhaka (Kamalapur),AC_B,clear,0,319,10,10,0,0
707,Tista Express,Dhaka (Kamalapur),Jamalpur,SHULOV,cloudy,77,240,10,7,1,1
791,Banalata Express,Dhaka (Kamalapur),Rajshahi,AC_B,cloudy,10,343,3,21,0,1
737,Egarosindhur Provati,Dhaka (Kamalapur),Kishoreganj,F_SEAT,cloudy,0,135,8,23,0,0
727,Rupsha Express,Khulna,Chilahati,F_CHAIR,cloudy,11,450,16,8,1,1
765,Nilsagar Express,Dhaka (Kamalapur),Chilahati,SHULOV,clear,0,460,13,18,1,1
731,Barendra Express,Rajshahi,Chilahati,F_BERTH,light_rain,0,320,13,1,0,1
787,Sonar Bangla Express,Dhaka (Kamalapur),Chattogram,AC_S,clear,90,320,4,1,0,0
727,Rupsha Express,Khulna,Chilahati,SHULOV,clear,18,450,16,10,0,1
754,Silkcity Express,Rajshahi,Dhaka (Kamalapur),AC_B,cloudy,16,343,9,1,0,1
726,Sundarban Express,Khulna,Dhaka (Kamalapur),SNIGDHA,light_rain,5,405,11,0,0,1
733,Titumir Express,Rajshahi,Chilahati,F_CHAIR,cloudy,4,320,12,15,0,0
750,Egarosindhur Godhuli,Kishoreganj,Dhaka (Kamalapur),SHOVAN,light_rain,31,135,8,0,0,1
777,Haor Express,Dhaka (Kamalapur),Mohanganj,AC_B,heavy_rain,1,280,12,9,1,1
710,Parabat Express,Sylhet,Dhaka (Kamalapur),S_CHAIR,cloudy,0,319,11,1,0,0
705,Ekota Express,Dhaka (Kamalapur),Panchagarh,S_CHAIR,cloudy,0,480,14,3,0,0
760,Padma Express,Rajshahi,Dhaka (Kamalapur),AC_B,cloudy,73,343,9,7,1,0
715,Kapotaksha Express,Khulna,Rajshahi,S_CHAIR,cloudy,0,280,14,2,0,1
731,Barendra Express,Rajshahi,Chilahati,SHOVAN,clear,0,320,13,13,0,0
731,Barendra Express,Rajshahi,Chilahati,F_SEAT,cloudy,0,320,13,5,0,0
737,Egarosindhur Provati,Dhaka (Kamalapur),Kishoreganj,SHULOV,cloudy,0,135,8,7,1,0
788,Sonar Bangla Express,Chattogram,Dhaka (Kamalapur),SNIGDHA,clear,11,320,4,17,1,1
726,Sundarban Express,Khulna,Dhaka (Kamalapur),AC_B,light_rain,0,405,11,7,1,0
754,Silkcity Express,Rajshahi,Dhaka (Kamalapur),SHULOV,cloudy,0,343,9,2,0,1
707,Tista Express,Dhaka (Kamalapur),Jamalpur,S_CHAIR,light_rain,0,240,10,14,0,0
791,Banalata Express,Dhaka (Kamalapur),Rajshahi,SHULOV,clear,0,343,3,11,0,0
740,Upaban Express,Sylhet,Dhaka (Kamalapur),S_CHAIR,light_rain,1,319,10,20,1,1
757,Drutojan Express,Dhaka (Kamalapur),Panchagarh,S_CHAIR,clear,0,480,13,20,1,0
793,Panchagarh Express,Dhaka (Kamalapur),Panchagarh,SHOVAN,light_rain,0,480,11,15,0,0
719,Paharika Express,Chattogram,Sylhet,S_CHAIR,clear,0,430,14,8,1,0
705,Ekota Express,Dhaka (Kamalapur),Panchagarh,SNIGDHA,light_rain,0,480,14,7,1,0
727,Rupsha Express,Khulna,Chilahati,F_BERTH,light_rain,85,450,16,12,0,1
813,Cox's Bazar Express,Dhaka (Kamalapur),Cox's Bazar,AC_S,clear,6,452,6,22,0,0
765,Nilsagar Express,Dhaka (Kamalapur),Chilahati,AC_S,cloudy,0,460,13,15,0,1
771,Rangpur Express,Dhaka (Kamalapur),Rangpur,AC_S,clear,11,465,12,6,0,1
813,Cox's Bazar Express,Dhaka (Kamalapur),Cox's Bazar,SNIGDHA,clear,29,452,6,3,0,0
703,Mohanagar Provati,Dhaka (Kamalapur),Chattogram,SNIGDHA,cloudy,0,320,9,10,0,0
791,Banalata Express,Dhaka (Kamalapur),Rajshahi,SHULOV,heavy_rain,76,343,3,22,0,1
753,Silkcity Express,Dhaka (Kamalapur),Rajshahi,AC_S,cloudy,3,343,9,9,1,0
777,Haor Express,Dhaka (Kamalapur),Mohanganj,SHOVAN,clear,10,280,12,19,1,0
764,Chitra Express,Khulna,Dhaka (Kamalapur),AC_S,clear,53,405,13,5,0,0
737,Egarosindhur Provati,Dhaka (Kamalapur),Kishoreganj,SHULOV,cloudy,0,135,8,7,1,0
733,Titumir Express,Rajshahi,Chilahati,F_BERTH,cloudy,1,320,12,5,0,0
759,Padma Express,Dhaka (Kamalapur),Rajshahi,SNIGDHA,cloudy,26,343,9,20,1,1
725,Sundarban Express,Dhaka (Kamalapur),Khulna,AC_B,light_rain,0,405,11,3,0,1
759,Padma Express,Dhaka (Kamalapur),Rajshahi,AC_S,cloudy,9,343,9,19,1,0
791,Banalata Express,Dhaka (Kamalapur),Rajshahi,SHULOV,clear,0,343,3,6,0,0
757,Drutojan Express,Dhaka (Kamalapur),Panchagarh,SHULOV,light_rain,0,480,13,7,1,1
757,Drutojan Express,Dhaka (Kamalapur),Panchagarh,S_CHAIR,clear,0,480,13,21,0,0
721,Mohanagar Express,Dhaka (Kamalapur),Chattogram,AC_B,clear,13,320,8,9,1,0
743,Brahmaputra Express,Dhaka (Kamalapur),Jamalpur,SNIGDHA,clear,0,240,12,12,0,0
739,Upaban Express,Dhaka (Kamalapur),Sylhet,S_CHAIR,cloudy,0,319,10,22,0,1
753,Silkcity Express,Dhaka (Kamalapur),Rajshahi,SHOVAN,clear,0,343,9,12,0,0
706,Ekota Express,Panchagarh,Dhaka (Kamalapur),SHULOV,light_rain,0,480,14,9,1,0
737,Egarosindhur Provati,Dhaka (Kamalapur),Kishoreganj,F_BERTH,cloudy,74,135,8,4,0,0
813,Cox's Bazar Express,Dhaka (Kamalapur),Cox's Bazar,AC_S,heavy_rain,0,452,6,21,0,0
793,Panchagarh Express,Dhaka (Kamalapur),Panchagarh,AC_S,light_rain,5,480,11,2,0,0
757,Drutojan Express,Dhaka (Kamalapur),Panchagarh,SNIGDHA,light_rain,25,480,13,22,0,1
769,Dhumketu Express,Dhaka (Kamalapur),Rajshahi,AC_B,clear,3,343,8,3,0,0
721,Mohanagar Express,Dhaka (Kamalapur),Chattogram,SNIGDHA,light_rain,0,320,8,15,0,0
813,Cox's Bazar Express,Dhaka (Kamalapur),Cox's Bazar,SNIGDHA,clear,10,452,6,1,0,0
777,Haor Express,Dhaka (Kamalapur),Mohanganj,AC_S,clear,0,280,12,10,0,0
740,Upaban Express,Sylhet,Dhaka (Kamalapur),S_CHAIR,light_rain,0,319,10,23,0,0
740,Upaban Express,Sylhet,Dhaka (Kamalapur),SHULOV,clear,0,319,10,13,0,0
754,Silkcity Express,Rajshahi,Dhaka (Kamalapur),AC_B,cloudy,3,343,9,12,0,0
765,Nilsagar Express,Dhaka (Kamalapur),Chilahati,AC_B,clear,0,460,13,1,0,0
740,Upaban Express,Sylhet,Dhaka (Kamalapur),SNIGDHA,light_rain,71,319,10,21,0,1
771,Rangpur Express,Dhaka (Kamalapur),Rangpur,S_CHAIR,clear,0,465,12,5,0,0
777,Haor Express,Dhaka (Kamalapur),Mohanganj,AC_B,clear,12,280,12,6,0,0
735,Agnibina Express,Dhaka (Kamalapur),Jamalpur,AC_S,clear,27,240,11,21,0,0
707,Tista Express,Dhaka (Kamalapur),Jamalpur,AC_S,cloudy,1,240,10,9,1,0
740,Upaban Express,Sylhet,Dhaka (Kamalapur),S_CHAIR,light_rain,0,319,10,9,1,0
760,Padma Express,Rajshahi,Dhaka (Kamalapur),SHOVAN,clear,9,343,9,19,1,0
763,Chitra Express,Dhaka (Kamalapur),Khulna,AC_B,clear,0,405,13,20,1,0
773,Kalni Express,Dhaka (Kamalapur),Sylhet,AC_S,clear,12,319,8,19,1,1
741,Turna Nishitha,Dhaka (Kamalapur),Chattogram,SHULOV,clear,20,320,8,12,0,1
737,Egarosindhur Provati,Dhaka (Kamalapur),Kishoreganj,SHOVAN,light_rain,0,135,8,15,0,0
795,Benapole Express,Dhaka (Kamalapur),Benapole,SNIGDHA,light_rain,0,420,7,4,0,0
757,Drutojan Express,Dhaka (Kamalapur),Panchagarh,AC_S,heavy_rain,0,480,13,23,0,1
723,Udayan Express,Sylhet,Chattogram,SNIGDHA,clear,0,430,14,1,0,0
797,Kurigram Express,Dhaka (Kamalapur),Kurigram,F_BERTH,cloudy,27,500,15,12,0,1
742,Turna Nishitha,Chattogram,Dhaka (Kamalapur),AC_S,heavy_rain,24,320,8,14,0,1
813,Cox's Bazar Express,Dhaka (Kamalapur),Cox's Bazar,AC_B,cloudy,0,452,6,14,0,0
802,Chattala Express,Dhaka (Kamalapur),Chattogram,SHOVAN,light_rain,8,320,12,20,1,1
763,Chitra Express,Dhaka (Kamalapur),Khulna,S_CHAIR,clear,0,405,13,0,0,0
705,Ekota Express,Dhaka (Kamalapur),Panchagarh,AC_S,clear,1,480,14,11,0,1
795,Benapole Express,Dhaka (Kamalapur),Benapole,SHOVAN,clear,50,420,7,14,0,1
723,Udayan Express,Sylhet,Chattogram,S_CHAIR,light_rain,0,430,14,6,0,0
715,Kapotaksha Express,Khulna,Rajshahi,S_CHAIR,clear,4,280,14,18,1,1
737,Egarosindhur Provati,Dhaka (Kamalapur),Kishoreganj,SHULOV,light_rain,0,135,8,1,0,1
721,Mohanagar Express,Dhaka (Kamalapur),Chattogram,SHULOV,light_rain,0,320,8,3,0,0
742,Turna Nishitha,Chattogram,Dhaka (Kamalapur),AC_S,cloudy,1,320,8,21,0,0
777,Haor Express,Dhaka (Kamalapur),Mohanganj,AC_S,clear,2,280,12,9,1,1
814,Cox's Bazar Express,Cox's Bazar,Dhaka (Kamalapur),SHOVAN,clear,0,452,6,13,0,1
764,Chitra Express,Khulna,Dhaka (Kamalapur),AC_S,cloudy,0,405,13,21,0,1
765,Nilsagar Express,Dhaka (Kamalapur),Chilahati,SHULOV,cloudy,2,460,13,3,0,0
726,Sundarban Express,Khulna,Dhaka (Kamalapur),SNIGDHA,clear,0,405,11,1,0,0
735,Agnibina Express,Dhaka (Kamalapur),Jamalpur,SNIGDHA,clear,2,240,11,1,0,0
707,Tista Express,Dhaka (Kamalapur),Jamalpur,AC_S,clear,30,240,10,2,0,1
722,Mohanagar Express,Chattogram,Dhaka (Kamalapur),S_CHAIR,clear,0,320,8,15,0,0
715,Kapotaksha Express,Khulna,Rajshahi,F_SEAT,clear,0,280,14,18,1,0
725,Sundarban Express,Dhaka (Kamalapur),Khulna,AC_S,cloudy,30,405,11,23,0,1
764,Chitra Express,Khulna,Dhaka (Kamalapur),AC_B,light_rain,0,405,13,10,0,0
705,Ekota Express,Dhaka (Kamalapur),Panchagarh,SHULOV,cloudy,18,480,14,16,0,0
721,Mohanagar Express,Dhaka (Kamalapur),Chattogram,S_CHAIR,cloudy,4,320,8,20,1,0
757,Drutojan Express,Dhaka (Kamalapur),Panchagarh,SHOVAN,clear,0,480,13,15,0,1
764,Chitra Express,Khulna,Dhaka (Kamalapur),SNIGDHA,clear,0,405,13,20,1,0
704,Mohanagar Godhuli,Chattogram,Dhaka (Kamalapur),S_CHAIR,clear,25,320,9,14,0,0
727,Rupsha Express,Khulna,Chilahati,SHULOV,clear,7,450,16,0,0,0
797,Kurigram Express,Dhaka (Kamalapur),Kurigram,SHULOV,clear,9,500,15,14,0,0
788,Sonar Bangla Express,Chattogram,Dhaka (Kamalapur),AC_B,light_rain,6,320,4,15,0,1
725,Sundarban Express,Dhaka (Kamalapur),Khulna,AC_B,clear,0,405,11,20,1,0
705,Ekota Express,Dhaka (Kamalapur),Panchagarh,SNIGDHA,cloudy,0,480,14,22,0,0
739,Upaban Express,Dhaka (Kamalapur),Sylhet,SHOVAN,clear,0,319,10,6,0,1
769,Dhumketu Express,Dhaka (Kamalapur),Rajshahi,AC_B,light_rain,14,343,8,14,0,0
741,Turna Nishitha,Dhaka (Kamalapur),Chattogram,S_CHAIR,clear,0,320,8,18,1,0
813,Cox's Bazar Express,Dhaka (Kamalapur),Cox's Bazar,SHULOV,cloudy,3,452,6,19,1,0
759,Padma Express,Dhaka (Kamalapur),Rajshahi,S_CHAIR,heavy_rain,56,343,9,9,1,1
769,Dhumketu Express,Dhaka (Kamalapur),Rajshahi,SHOVAN,cloudy,9,343,8,10,0,0
793,Panchagarh Express,Dhaka (Kamalapur),Panchagarh,AC_S,clear,0,480,11,21,0,0
813,Cox's Bazar Express,Dhaka (Kamalapur),Cox's Bazar,SHOVAN,cloudy,0,452,6,15,0,0
737,Egarosindhur Provati,Dhaka (Kamalapur),Kishoreganj,S_CHAIR,cloudy,20,135,8,0,0,1
742,Turna Nishitha,Chattogram,Dhaka (Kamalapur),AC_B,cloudy,19,320,8,9,1,1
788,Sonar Bangla Express,Chattogram,Dhaka (Kamalapur),SNIGDHA,light_rain,0,320,4,14,0,0
727,Rupsha Express,Khulna,Chilahati,SHOVAN,light_rain,0,450,16,22,0,0
759,Padma Express,Dhaka (Kamalapur),Rajshahi,S_CHAIR,clear,0,343,9,8,1,0
725,Sundarban Express,Dhaka (Kamalapur),Khulna,AC_S,light_rain,6,405,11,6,0,0
717,Joyantika Express,Dhaka (Kamalapur),Sylhet,S_CHAIR,clear,2,319,13,3,0,0
757,Drutojan Express,Dhaka (Kamalapur),Panchagarh,SNIGDHA,clear,0,480,13,22,0,1
719,Paharika Express,Chattogram,Sylhet,SHOVAN,clear,20,430,14,17,1,0
719,Paharika Express,Chattogram,Sylhet,SHOVAN,clear,27,430,14,5,0,0
704,Mohanagar Godhuli,Chattogram,Dhaka (Kamalapur),SNIGDHA,clear,0,320,9,6,0,0
763,Chitra Express,Dhaka (Kamalapur),Khulna,SHOVAN,light_rain,0,405,13,7,1,0
797,Kurigram Express,Dhaka (Kamalapur),Kurigram,F_SEAT,heavy_rain,23,500,15,3,0,1
717,Joyantika Express,Dhaka (Kamalapur),Sylhet,AC_B,light_rain,0,319,13,15,0,0
814,Cox's Bazar Express,Cox's Bazar,Dhaka (Kamalapur),SNIGDHA,cloudy,0,452,6,0,0,0
793,Panchagarh Express,Dhaka (Kamalapur),Panchagarh,AC_S,light_rain,0,480,11,22,0,0
791,Banalata Express,Dhaka (Kamalapur),Rajshahi,SHULOV,light_rain,0,343,3,10,0,1
813,Cox's Bazar Express,Dhaka (Kamalapur),Cox's Bazar,SNIGDHA,cloudy,0,452,6,12,0,0
719,Paharika Express,Chattogram,Sylhet,AC_B,clear,2,430,14,19,1,0
787,Sonar Bangla Express,Dhaka (Kamalapur),Chattogram,SNIGDHA,light_rain,0,320,4,21,0,1
761,Sagardari Express,Khulna,Rajshahi,S_CHAIR,clear,0,280,12,4,0,0
706,Ekota Express,Panchagarh,Dhaka (Kamalapur),SNIGDHA,heavy_rain,20,480,14,23,0,1
701,Subarna Express,Dhaka (Kamalapur),Chattogram,SHOVAN,light_rain,0,320,4,19,1,0
704,Mohanagar Godhuli,Chattogram,Dhaka (Kamalapur),SNIGDHA,clear,17,320,9,16,0,1
797,Kurigram Express,Dhaka (Kamalapur),Kurigram,F_CHAIR,clear,0,500,15,17,1,0
717,Joyantika Express,Dhaka (Kamalapur),Sylhet,SHULOV,clear,2,319,13,10,0,0
710,Parabat Express,Sylhet,Dhaka (Kamalapur),AC_B,clear,0,319,11,10,0,0
766,Nilsagar Express,Chilahati,Dhaka (Kamalapur),AC_S,cloudy,0,460,13,10,0,0
727,Rupsha Express,Khulna,Chilahati,SHULOV,clear,6,450,16,15,0,0
773,Kalni Express,Dhaka (Kamalapur),Sylhet,S_CHAIR,cloudy,30,319,8,4,0,1
750,Egarosindhur Godhuli,Kishoreganj,Dhaka (Kamalapur),SHULOV,clear,0,135,8,0,0,0
731,Barendra Express,Rajshahi,Chilahati,SHOVAN,clear,0,320,13,17,1,0
754,Silkcity Express,Rajshahi,Dhaka (Kamalapur),S_CHAIR,clear,0,343,9,16,0,0
701,Subarna Express,Dhaka (Kamalapur),Chattogram,SHULOV,clear,0,320,4,14,0,0
765,Nilsagar Express,Dhaka (Kamalapur),Chilahati,SHULOV,light_rain,0,460,13,15,0,1
709,Parabat Express,Dhaka (Kamalapur),Sylhet,AC_B,cloudy,0,319,11,14,0,1
707,Tista Express,Dhaka (Kamalapur),Jamalpur,SNIGDHA,clear,9,240,10,18,1,1
707,Tista Express,Dhaka (Kamalapur),Jamalpur,S_CHAIR,clear,0,240,10,7,1,0
753,Silkcity Express,Dhaka (Kamalapur),Rajshahi,S_CHAIR,light_rain,11,343,9,14,0,1
707,Tista Express,Dhaka (Kamalapur),Jamalpur,SNIGDHA,clear,3,240,10,3,0,0
723,Udayan Express,Sylhet,Chattogram,SHULOV,clear,8,430,14,20,1,1
787,Sonar Bangla Express,Dhaka (Kamalapur),Chattogram,AC_B,cloudy,0,320,4,18,1,1
813,Cox's Bazar Express,Dhaka (Kamalapur),Cox's Bazar,SHOVAN,heavy_rain,0,452,6,23,0,0
704,Mohanagar Godhuli,Chattogram,Dhaka (Kamalapur),AC_S,clear,0,320,9,13,0,0
731,Barendra Express,Rajshahi,Chilahati,F_SEAT,cloudy,9,320,13,10,0,0
703,Mohanagar Provati,Dhaka (Kamalapur),Chattogram,AC_S,clear,0,320,9,16,0,0
771,Rangpur Express,Dhaka (Kamalapur),Rangpur,AC_B,clear,30,465,12,17,1,1
763,Chitra Express,Dhaka (Kamalapur),Khulna,SHULOV,clear,0,405,13,21,0,0
754,Silkcity Express,Rajshahi,Dhaka (Kamalapur),AC_B,cloudy,0,343,9,12,0,0
761,Sagardari Express,Khulna,Rajshahi,SHULOV,cloudy,0,280,12,7,1,1
771,Rangpur Express,Dhaka (Kamalapur),Rangpur,SHOVAN,clear,4,465,12,0,0,1
701,Subarna Express,Dhaka (Kamalapur),Chattogram,S_CHAIR,cloudy,0,320,4,13,0,0
706,Ekota Express,Panchagarh,Dhaka (Kamalapur),S_CHAIR,cloudy,0,480,14,6,0,0
763,Chitra Express,Dhaka (Kamalapur),Khulna,AC_S,clear,47,405,13,18,1,1
727,Rupsha Express,Khulna,Chilahati,F_SEAT,light_rain,18,450,16,5,0,1
733,Titumir Express,Rajshahi,Chilahati,F_CHAIR,light_rain,0,320,12,20,1,1
742,Turna Nishitha,Chattogram,Dhaka (Kamalapur),S_CHAIR,light_rain,0,320,8,11,0,1
759,Padma Express,Dhaka (Kamalapur),Rajshahi,S_CHAIR,cloudy,76,343,9,1,0,0
793,Panchagarh Express,Dhaka (Kamalapur),Panchagarh,S_CHAIR,clear,0,480,11,19,1,0
797,Kurigram Express,Dhaka (Kamalapur),Kurigram,F_SEAT,cloudy,0,500,15,5,0,0
760,Padma Express,Rajshahi,Dhaka (Kamalapur),SNIGDHA,cloudy,0,343,9,23,0,0
757,Drutojan Express,Dhaka (Kamalapur),Panchagarh,SNIGDHA,cloudy,0,480,13,8,1,0
726,Sundarban Express,Khulna,Dhaka (Kamalapur),S_CHAIR,cloudy,0,405,11,17,1,0
722,Mohanagar Express,Chattogram,Dhaka (Kamalapur),SHOVAN,heavy_rain,9,320,8,12,0,1
761,Sagardari Express,Khulna,Rajshahi,F_CHAIR,heavy_rain,8,280,12,0,0,1
759,Padma Express,Dhaka (Kamalapur),Rajshahi,SHULOV,light_rain,0,343,9,11,0,1
739,Upaban Express,Dhaka (Kamalapur),Sylhet,AC_S,clear,7,319,10,5,0,0
765,Nilsagar Express,Dhaka (Kamalapur),Chilahati,SNIGDHA,clear,0,460,13,23,0,0
709,Parabat Express,Dhaka (Kamalapur),Sylhet,AC_S,light_rain,22,319,11,3,0,1
743,Brahmaputra Express,Dhaka (Kamalapur),Jamalpur,S_CHAIR,cloudy,0,240,12,19,1,0
765,Nilsagar Express,Dhaka (Kamalapur),Chilahati,SNIGDHA,cloudy,0,460,13,18,1,0
791,Banalata Express,Dhaka (Kamalapur),Rajshahi,S_CHAIR,heavy_rain,0,343,3,21,0,1
722,Mohanagar Express,Chattogram,Dhaka (Kamalapur),SHULOV,cloudy,6,320,8,12,0,0
797,Kurigram Express,Dhaka (Kamalapur),Kurigram,F_CHAIR,clear,0,500,15,19,1,1
791,Banalata Express,Dhaka (Kamalapur),Rajshahi,AC_S,clear,0,343,3,14,0,0
765,Nilsagar Express,Dhaka (Kamalapur),Chilahati,SHULOV,clear,0,460,13,13,0,1
715,Kapotaksha Express,Khulna,Rajshahi,SHULOV,clear,0,280,14,20,1,0
733,Titumir Express,Rajshahi,Chilahati,S_CHAIR,clear,0,320,12,22,0,0
739,Upaban Express,Dhaka (Kamalapur),Sylhet,S_CHAIR,light_rain,0,319,10,11,0,0
715,Kapotaksha Express,Khulna,Rajshahi,F_CHAIR,clear,14,280,14,19,1,0
707,Tista Express,Dhaka (Kamalapur),Jamalpur,SHOVAN,clear,5,240,10,15,0,0
704,Mohanagar Godhuli,Chattogram,Dhaka (Kamalapur),S_CHAIR,cloudy,0,320,9,10,0,0
760,Padma Express,Rajshahi,Dhaka (Kamalapur),AC_B,clear,0,343,9,9,1,0
760,Padma Express,Rajshahi,Dhaka (Kamalapur),SNIGDHA,light_rain,64,343,9,13,0,1
741,Turna Nishitha,Dhaka (Kamalapur),Chattogram,SHULOV,clear,0,320,8,3,0,0
763,Chitra Express,Dhaka (Kamalapur),Khulna,SHOVAN,clear,79,405,13,3,0,1
707,Tista Express,Dhaka (Kamalapur),Jamalpur,S_CHAIR,clear,4,240,10,4,0,0
787,Sonar Bangla Express,Dhaka (Kamalapur),Chattogram,SNIGDHA,clear,60,320,4,17,1,1
741,Turna Nishitha,Dhaka (Kamalapur),Chattogram,SHULOV,cloudy,10,320,8,20,1,0
793,Panchagarh Express,Dhaka (Kamalapur),Panchagarh,SHULOV,cloudy,0,480,11,2,0,0
739,Upaban Express,Dhaka (Kamalapur),Sylhet,AC_S,clear,1,319,10,4,0,0
701,Subarna Express,Dhaka (Kamalapur),Chattogram,SHULOV,light_rain,8,320,4,9,1,0
757,Drutojan Express,Dhaka (Kamalapur),Panchagarh,SNIGDHA,clear,0,480,13,22,0,0
759,Padma Express,Dhaka (Kamalapur),Rajshahi,AC_S,clear,7,343,9,19,1,0
717,Joyantika Express,Dhaka (Kamalapur),Sylhet,SHULOV,cloudy,24,319,13,5,0,1
726,Sundarban Express,Khulna,Dhaka (Kamalapur),SHOVAN,cloudy,0,405,11,4,0,0
813,Cox's Bazar Express,Dhaka (Kamalapur),Cox's Bazar,AC_B,clear,0,452,6,2,0,0
723,Udayan Express,Sylhet,Chattogram,S_CHAIR,clear,8,430,14,1,0,0
742,Turna Nishitha,Chattogram,Dhaka (Kamalapur),AC_B,clear,0,320,8,6,0,0
759,Padma Express,Dhaka (Kamalapur),Rajshahi,AC_B,clear,80,343,9,7,1,1
726,Sundarban Express,Khulna,Dhaka (Kamalapur),SHULOV,light_rain,0,405,11,9,1,1
750,Egarosindhur Godhuli,Kishoreganj,Dhaka (Kamalapur),F_BERTH,cloudy,0,135,8,20,1,0
788,Sonar Bangla Express,Chattogram,Dhaka (Kamalapur),SNIGDHA,clear,0,320,4,0,0,0
722,Mohanagar Express,Chattogram,Dhaka (Kamalapur),S_CHAIR,light_rain,12,320,8,15,0,1
731,Barendra Express,Rajshahi,Chilahati,F_BERTH,clear,8,320,13,20,1,0
742,Turna Nishitha,Chattogram,Dhaka (Kamalapur),SHULOV,cloudy,0,320,8,17,1,0
715,Kapotaksha Express,Khulna,Rajshahi,S_CHAIR,cloudy,1,280,14,8,1,0
725,Sundarban Express,Dhaka (Kamalapur),Khulna,SHOVAN,clear,0,405,11,11,0,0
771,Rangpur Express,Dhaka (Kamalapur),Rangpur,SHOVAN,clear,0,465,12,8,1,0
731,Barendra Express,Rajshahi,Chilahati,SHULOV,cloudy,11,320,13,19,1,0
743,Brahmaputra Express,Dhaka (Kamalapur),Jamalpur,SHOVAN,light_rain,0,240,12,17,1,1
769,Dhumketu Express,Dhaka (Kamalapur),Rajshahi,SHULOV,clear,0,343,8,4,0,1
721,Mohanagar Express,Dhaka (Kamalapur),Chattogram,S_CHAIR,clear,29,320,8,21,0,0
766,Nilsagar Express,Chilahati,Dhaka (Kamalapur),SNIGDHA,clear,0,460,13,6,0,0
704,Mohanagar Godhuli,Chattogram,Dhaka (Kamalapur),S_CHAIR,light_rain,1,320,9,13,0,0
788,Sonar Bangla Express,Chattogram,Dhaka (Kamalapur),SNIGDHA,clear,0,320,4,6,0,1
750,Egarosindhur Godhuli,Kishoreganj,Dhaka (Kamalapur),F_SEAT,cloudy,4,135,8,18,1,1
727,Rupsha Express,Khulna,Chilahati,SHOVAN,clear,2,450,16,22,0,0
802,Chattala Express,Dhaka (Kamalapur),Chattogram,AC_S,cloudy,0,320,12,19,1,0
719,Paharika Express,Chattogram,Sylhet,SHOVAN,heavy_rain,6,430,14,13,0,1
710,Parabat Express,Sylhet,Dhaka (Kamalapur),SHOVAN,cloudy,7,319,11,11,0,0
760,Padma Express,Rajshahi,Dhaka (Kamalapur),AC_B,cloudy,0,343,9,9,1,0
815,Parjatak Express,Dhaka (Kamalapur),Cox's Bazar,SNIGDHA,clear,5,452,5,18,1,1
753,Silkcity Express,Dhaka (Kamalapur),Rajshahi,AC_S,clear,0,343,9,9,1,0
815,Parjatak Express,Dhaka (Kamalapur),Cox's Bazar,SHULOV,clear,0,452,5,22,0,0
721,Mohanagar Express,Dhaka (Kamalapur),Chattogram,SHOVAN,cloudy,0,320,8,1,0,0
791,Banalata Express,Dhaka (Kamalapur),Rajshahi,S_CHAIR,heavy_rain,2,343,3,19,1,1
793,Panchagarh Express,Dhaka (Kamalapur),Panchagarh,S_CHAIR,clear,0,480,11,4,0,0
742,Turna Nishitha,Chattogram,Dhaka (Kamalapur),AC_B,cloudy,7,320,8,16,0,0
733,Titumir Express,Rajshahi,Chilahati,S_CHAIR,clear,6,320,12,1,0,0
760,Padma Express,Rajshahi,Dhaka (Kamalapur),SHOVAN,clear,3,343,9,15,0,0
757,Drutojan Express,Dhaka (Kamalapur),Panchagarh,SHOVAN,heavy_rain,0,480,13,13,0,0
704,Mohanagar Godhuli,Chattogram,Dhaka (Kamalapur),AC_B,cloudy,0,320,9,11,0,1
773,Kalni Express,Dhaka (Kamalapur),Sylhet,AC_S,heavy_rain,0,319,8,1,0,1
735,Agnibina Express,Dhaka (Kamalapur),Jamalpur,SNIGDHA,clear,0,240,11,19,1,0
717,Joyantika Express,Dhaka (Kamalapur),Sylhet,AC_B,clear,0,319,13,10,0,0
815,Parjatak Express,Dhaka (Kamalapur),Cox's Bazar,SHOVAN,cloudy,5,452,5,4,0,0
759,Padma Express,Dhaka (Kamalapur),Rajshahi,SHOVAN,light_rain,0,343,9,9,1,0
740,Upaban Express,Sylhet,Dhaka (Kamalapur),AC_B,cloudy,1,319,10,21,0,0
721,Mohanagar Express,Dhaka (Kamalapur),Chattogram,AC_B,clear,0,320,8,22,0,0
771,Rangpur Express,Dhaka (Kamalapur),Rangpur,SHOVAN,clear,4,465,12,22,0,0
705,Ekota Express,Dhaka (Kamalapur),Panchagarh,SNIGDHA,clear,0,480,14,11,0,0
795,Benapole Express,Dhaka (Kamalapur),Benapole,SNIGDHA,light_rain,87,420,7,0,0,1
709,Parabat Express,Dhaka (Kamalapur),Sylhet,AC_S,clear,7,319,11,16,0,0
793,Panchagarh Express,Dhaka (Kamalapur),Panchagarh,SHULOV,clear,0,480,11,9,1,0
706,Ekota Express,Panchagarh,Dhaka (Kamalapur),AC_S,clear,3,480,14,6,0,0
737,Egarosindhur Provati,Dhaka (Kamalapur),Kishoreganj,SHOVAN,light_rain,72,135,8,5,0,1
750,Egarosindhur Godhuli,Kishoreganj,Dhaka (Kamalapur),F_BERTH,clear,0,135,8,13,0,0
727,Rupsha Express,Khulna,Chilahati,SHULOV,heavy_rain,0,450,16,4,0,0
797,Kurigram Express,Dhaka (Kamalapur),Kurigram,SHOVAN,clear,10,500,15,7,1,1
777,Haor Express,Dhaka (Kamalapur),Mohanganj,S_CHAIR,clear,10,280,12,5,0,0
741,Turna Nishitha,Dhaka (Kamalapur),Chattogram,AC_S,clear,79,320,8,8,1,1
743,Brahmaputra Express,Dhaka (Kamalapur),Jamalpur,AC_S,light_rain,90,240,12,14,0,1
719,Paharika Express,Chattogram,Sylhet,S_CHAIR,light_rain,0,430,14,23,0,0
760,Padma Express,Rajshahi,Dhaka (Kamalapur),SHOVAN,heavy_rain,0,343,9,22,0,1
725,Sundarban Express,Dhaka (Kamalapur),Khulna,S_CHAIR,light_rain,0,405,11,23,0,0
761,Sagardari Express,Khulna,Rajshahi,SHULOV,heavy_rain,0,280,12,9,1,1
802,Chattala Express,Dhaka (Kamalapur),Chattogram,S_CHAIR,clear,0,320,12,20,1,0
722,Mohanagar Express,Chattogram,Dhaka (Kamalapur),AC_S,light_rain,0,320,8,14,0,0
737,Egarosindhur Provati,Dhaka (Kamalapur),Kishoreganj,F_SEAT,light_rain,2,135,8,22,0,0
722,Mohanagar Express,Chattogram,Dhaka (Kamalapur),AC_B,clear,0,320,8,12,0,0
797,Kurigram Express,Dhaka (Kamalapur),Kurigram,F_SEAT,clear,0,500,15,10,0,0
742,Turna Nishitha,Chattogram,Dhaka (Kamalapur),AC_S,light_rain,0,320,8,23,0,0
793,Panchagarh Express,Dhaka (Kamalapur),Panchagarh,AC_S,clear,3,480,11,8,1,0
764,Chitra Express,Khulna,Dhaka (Kamalapur),SHOVAN,light_rain,0,405,13,21,0,0
704,Mohanagar Godhuli,Chattogram,Dhaka (Kamalapur),SHOVAN,cloudy,4,320,9,17,1,1
813,Cox's Bazar Express,Dhaka (Kamalapur),Cox's Bazar,AC_S,clear,12,452,6,21,0,0
723,Udayan Express,Sylhet,Chattogram,AC_B,clear,7,430,14,19,1,0
765,Nilsagar Express,Dhaka (Kamalapur),Chilahati,SHOVAN,clear,54,460,13,2,0,1
759,Padma Express,Dhaka (Kamalapur),Rajshahi,AC_B,light_rain,0,343,9,3,0,1
705,Ekota Express,Dhaka (Kamalapur),Panchagarh,S_CHAIR,cloudy,0,480,14,23,0,0
704,Mohanagar Godhuli,Chattogram,Dhaka (Kamalapur),S_CHAIR,cloudy,10,320,9,10,0,0
797,Kurigram Express,Dhaka (Kamalapur),Kurigram,F_CHAIR,light_rain,0,500,15,20,1,0
797,Kurigram Express,Dhaka (Kamalapur),Kurigram,F_SEAT,cloudy,0,500,15,20,1,0
815,Parjatak Express,Dhaka (Kamalapur),Cox's Bazar,SHOVAN,heavy_rain,0,452,5,20,1,1
777,Haor Express,Dhaka (Kamalapur),Mohanganj,SNIGDHA,clear,0,280,12,10,0,1
723,Udayan Express,Sylhet,Chattogram,SNIGDHA,clear,30,430,14,6,0,1
735,Agnibina Express,Dhaka (Kamalapur),Jamalpur,S_CHAIR,light_rain,0,240,11,14,0,0
723,Udayan Express,Sylhet,Chattogram,S_CHAIR,light_rain,0,430,14,18,1,1
706,Ekota Express,Panchagarh,Dhaka (Kamalapur),AC_B,clear,35,480,14,8,1,1
759,Padma Express,Dhaka (Kamalapur),Rajshahi,SHULOV,cloudy,0,343,9,19,1,0
773,Kalni Express,Dhaka (Kamalapur),Sylhet,SHULOV,light_rain,0,319,8,7,1,0
773,Kalni Express,Dhaka (Kamalapur),Sylhet,AC_S,cloudy,14,319,8,6,0,0
702,Subarna Express,Chattogram,Dhaka (Kamalapur),S_CHAIR,light_rain,52,320,4,23,0,1
719,Paharika Express,Chattogram,Sylhet,AC_S,light_rain,74,430,14,6,0,1
737,Egarosindhur Provati,Dhaka (Kamalapur),Kishoreganj,SHOVAN,clear,12,135,8,2,0,0
721,Mohanagar Express,Dhaka (Kamalapur),Chattogram,SHOVAN,light_rain,5,320,8,20,1,1
814,Cox's Bazar Express,Cox's Bazar,Dhaka (Kamalapur),SNIGDHA,clear,0,452,6,4,0,0
797,Kurigram Express,Dhaka (Kamalapur),Kurigram,SHOVAN,cloudy,0,500,15,8,1,0
717,Joyantika Express,Dhaka (Kamalapur),Sylhet,SHOVAN,clear,20,319,13,17,1,1
763,Chitra Express,Dhaka (Kamalapur),Khulna,SHULOV,clear,0,405,13,5,0,0
793,Panchagarh Express,Dhaka (Kamalapur),Panchagarh,SHULOV,cloudy,0,480,11,6,0,0
706,Ekota Express,Panchagarh,Dhaka (Kamalapur),AC_B,heavy_rain,0,480,14,22,0,1
735,Agnibina Express,Dhaka (Kamalapur),Jamalpur,SHULOV,cloudy,45,240,11,4,0,1
754,Silkcity Express,Rajshahi,Dhaka (Kamalapur),S_CHAIR,clear,0,343,9,2,0,0
726,Sundarban Express,Khulna,Dhaka (Kamalapur),AC_S,clear,0,405,11,3,0,0
721,Mohanagar Express,Dhaka (Kamalapur),Chattogram,SNIGDHA,cloudy,0,320,8,18,1,0
757,Drutojan Express,Dhaka (Kamalapur),Panchagarh,AC_S,heavy_rain,0,480,13,22,0,0
791,Banalata Express,Dhaka (Kamalapur),Rajshahi,SHOVAN,light_rain,9,343,3,2,0,0
764,Chitra Express,Khulna,Dhaka (Kamalapur),AC_B,cloudy,0,405,13,14,0,0
703,Mohanagar Provati,Dhaka (Kamalapur),Chattogram,SHOVAN,clear,0,320,9,21,0,0
741,Turna Nishitha,Dhaka (Kamalapur),Chattogram,SHOVAN,light_rain,0,320,8,17,1,0
725,Sundarban Express,Dhaka (Kamalapur),Khulna,AC_S,clear,20,405,11,21,0,0
791,Banalata Express,Dhaka (Kamalapur),Rajshahi,SHULOV,heavy_rain,0,343,3,16,0,1
717,Joyantika Express,Dhaka (Kamalapur),Sylhet,AC_B,clear,9,319,13,11,0,0
702,Subarna Express,Chattogram,Dhaka (Kamalapur),AC_S,clear,0,320,4,12,0,0
815,Parjatak Express,Dhaka (Kamalapur),Cox's Bazar,SHULOV,clear,0,452,5,11,0,1
743,Brahmaputra Express,Dhaka (Kamalapur),Jamalpur,AC_S,clear,2,240,12,15,0,0
741,Turna Nishitha,Dhaka (Kamalapur),Chattogram,AC_B,clear,25,320,8,19,1,0
726,Sundarban Express,Khulna,Dhaka (Kamalapur),SHOVAN,clear,0,405,11,13,0,0
750,Egarosindhur Godhuli,Kishoreganj,Dhaka (Kamalapur),F_SEAT,cloudy,0,135,8,11,0,1
763,Chitra Express,Dhaka (Kamalapur),Khulna,SHULOV,clear,0,405,13,23,0,0
761,Sagardari Express,Khulna,Rajshahi,F_CHAIR,cloudy,2,280,12,7,1,0
743,Brahmaputra Express,Dhaka (Kamalapur),Jamalpur,AC_B,cloudy,9,240,12,10,0,1
726,Sundarban Express,Khulna,Dhaka (Kamalapur),SHOVAN,light_rain,0,405,11,9,1,1
771,Rangpur Express,Dhaka (Kamalapur),Rangpur,SHULOV,clear,10,465,12,18,1,1
717,Joyantika Express,Dhaka (Kamalapur),Sylhet,SHULOV,cloudy,0,319,13,2,0,0
741,Turna Nishitha,Dhaka (Kamalapur),Chattogram,SHOVAN,clear,0,320,8,5,0,0
743,Brahmaputra Express,Dhaka (Kamalapur),Jamalpur,S_CHAIR,clear,3,240,12,15,0,0
787,Sonar Bangla Express,Dhaka (Kamalapur),Chattogram,AC_S,heavy_rain,30,320,4,15,0,1
759,Padma Express,Dhaka (Kamalapur),Rajshahi,AC_S,cloudy,3,343,9,11,0,0
722,Mohanagar Express,Chattogram,Dhaka (Kamalapur),AC_B,clear,0,320,8,17,1,0
759,Padma Express,Dhaka (Kamalapur),Rajshahi,S_CHAIR,clear,0,343,9,14,0,0
705,Ekota Express,Dhaka (Kamalapur),Panchagarh,SHULOV,heavy_rain,0,480,14,13,0,1
740,Upaban Express,Sylhet,Dhaka (Kamalapur),SNIGDHA,clear,2,319,10,14,0,0
750,Egarosindhur Godhuli,Kishoreganj,Dhaka (Kamalapur),SHULOV,cloudy,4,135,8,5,0,1
701,Subarna Express,Dhaka (Kamalapur),Chattogram,AC_B,clear,2,320,4,11,0,0
814,Cox's Bazar Express,Cox's Bazar,Dhaka (Kamalapur),AC_B,clear,2,452,6,6,0,0
737,Egarosindhur Provati,Dhaka (Kamalapur),Kishoreganj,F_BERTH,clear,10,135,8,20,1,0
722,Mohanagar Express,Chattogram,Dhaka (Kamalapur),SHULOV,clear,73,320,8,20,1,0
731,Barendra Express,Rajshahi,Chilahati,S_CHAIR,cloudy,19,320,13,8,1,1
723,Udayan Express,Sylhet,Chattogram,AC_B,clear,0,430,14,6,0,0
764,Chitra Express,Khulna,Dhaka (Kamalapur),AC_B,clear,7,405,13,14,0,1
703,Mohanagar Provati,Dhaka (Kamalapur),Chattogram,AC_B,cloudy,25,320,9,4,0,1
787,Sonar Bangla Express,Dhaka (Kamalapur),Chattogram,SNIGDHA,clear,0,320,4,0,0,0
764,Chitra Express,Khulna,Dhaka (Kamalapur),S_CHAIR,clear,0,405,13,22,0,0
765,Nilsagar Express,Dhaka (Kamalapur),Chilahati,SHOVAN,heavy_rain,0,460,13,1,0,0
704,Mohanagar Godhuli,Chattogram,Dhaka (Kamalapur),SNIGDHA,cloudy,0,320,9,9,1,1
787,Sonar Bangla Express,Dhaka (Kamalapur),Chattogram,AC_S,cloudy,0,320,4,22,0,1
793,Panchagarh Express,Dhaka (Kamalapur),Panchagarh,S_CHAIR,cloudy,0,480,11,18,1,0
733,Titumir Express,Rajshahi,Chilahati,SHOVAN,cloudy,28,320,12,0,0,1
733,Titumir Express,Rajshahi,Chilahati,SHULOV,clear,2,320,12,16,0,0
706,Ekota Express,Panchagarh,Dhaka (Kamalapur),AC_S,cloudy,4,480,14,15,0,0
797,Kurigram Express,Dhaka (Kamalapur),Kurigram,F_BERTH,clear,3,500,15,9,1,1
797,Kurigram Express,Dhaka (Kamalapur),Kurigram,F_SEAT,light_rain,0,500,15,19,1,0
791,Banalata Express,Dhaka (Kamalapur),Rajshahi,SNIGDHA,light_rain,38,343,3,18,1,1
733,Titumir Express,Rajshahi,Chilahati,F_SEAT,light_rain,0,320,12,8,1,1
777,Haor Express,Dhaka (Kamalapur),Mohanganj,SNIGDHA,cloudy,8,280,12,4,0,0
797,Kurigram Express,Dhaka (Kamalapur),Kurigram,S_CHAIR,light_rain,0,500,15,5,0,0
766,Nilsagar Express,Chilahati,Dhaka (Kamalapur),SNIGDHA,clear,0,460,13,8,1,0
813,Cox's Bazar Express,Dhaka (Kamalapur),Cox's Bazar,SHOVAN,cloudy,0,452,6,2,0,0
753,Silkcity Express,Dhaka (Kamalapur),Rajshahi,S_CHAIR,clear,38,343,9,3,0,0
706,Ekota Express,Panchagarh,Dhaka (Kamalapur),SHOVAN,clear,0,480,14,4,0,0
763,Chitra Express,Dhaka (Kamalapur),Khulna,S_CHAIR,clear,0,405,13,6,0,0
715,Kapotaksha Express,Khulna,Rajshahi,S_CHAIR,clear,0,280,14,0,0,1
710,Parabat Express,Sylhet,Dhaka (Kamalapur),SHULOV,clear,0,319,11,21,0,0
722,Mohanagar Express,Chattogram,Dhaka (Kamalapur),SNIGDHA,clear,0,320,8,7,1,0
788,Sonar Bangla Express,Chattogram,Dhaka (Kamalapur),AC_S,clear,0,320,4,4,0,0
753,Silkcity Express,Dhaka (Kamalapur),Rajshahi,SNIGDHA,clear,3,343,9,8,1,0
726,Sundarban Express,Khulna,Dhaka (Kamalapur),S_CHAIR,clear,0,405,11,5,0,0
797,Kurigram Express,Dhaka (Kamalapur),Kurigram,F_SEAT,cloudy,0,500,15,16,0,0
766,Nilsagar Express,Chilahati,Dhaka (Kamalapur),S_CHAIR,light_rain,0,460,13,7,1,1
709,Parabat Express,Dhaka (Kamalapur),Sylhet,SHOVAN,heavy_rain,57,319,11,1,0,1
795,Benapole Express,Dhaka (Kamalapur),Benapole,AC_B,clear,26,420,7,3,0,1
757,Drutojan Express,Dhaka (Kamalapur),Panchagarh,AC_B,cloudy,0,480,13,7,1,1
763,Chitra Express,Dhaka (Kamalapur),Khulna,SHULOV,clear,8,405,13,14,0,1
737,Egarosindhur Provati,Dhaka (Kamalapur),Kishoreganj,S_CHAIR,clear,6,135,8,20,1,0
723,Udayan Express,Sylhet,Chattogram,SHOVAN,clear,75,430,14,17,1,1
735,Agnibina Express,Dhaka (Kamalapur),Jamalpur,AC_B,cloudy,63,240,11,21,0,1
759,Padma Express,Dhaka (Kamalapur),Rajshahi,SNIGDHA,cloudy,0,343,9,17,1,0
731,Barendra Express,Rajshahi,Chilahati,F_SEAT,clear,0,320,13,15,0,0
777,Haor Express,Dhaka (Kamalapur),Mohanganj,AC_S,light_rain,21,280,12,16,0,1
703,Mohanagar Provati,Dhaka (Kamalapur),Chattogram,SNIGDHA,clear,27,320,9,15,0,0
706,Ekota Express,Panchagarh,Dhaka (Kamalapur),SNIGDHA,cloudy,13,480,14,14,0,0
813,Cox's Bazar Express,Dhaka (Kamalapur),Cox's Bazar,SNIGDHA,heavy_rain,0,452,6,22,0,1
815,Parjatak Express,Dhaka (Kamalapur),Cox's Bazar,SHOVAN,heavy_rain,57,452,5,17,1,1
769,Dhumketu Express,Dhaka (Kamalapur),Rajshahi,S_CHAIR,cloudy,0,343,8,7,1,0
723,Udayan Express,Sylhet,Chattogram,S_CHAIR,cloudy,6,430,14,16,0,0
773,Kalni Express,Dhaka (Kamalapur),Sylhet,SHOVAN,clear,0,319,8,15,0,0
788,Sonar Bangla Express,Chattogram,Dhaka (Kamalapur),AC_B,clear,70,320,4,22,0,1
813,Cox's Bazar Express,Dhaka (Kamalapur),Cox's Bazar,SHULOV,cloudy,0,452,6,10,0,0
754,Silkcity Express,Rajshahi,Dhaka (Kamalapur),AC_S,clear,0,343,9,14,0,0
773,Kalni Express,Dhaka (Kamalapur),Sylhet,AC_B,light_rain,0,319,8,14,0,1
727,Rupsha Express,Khulna,Chilahati,SHOVAN,heavy_rain,20,450,16,18,1,1
750,Egarosindhur Godhuli,Kishoreganj,Dhaka (Kamalapur),S_CHAIR,clear,0,135,8,21,0,0
760,Padma Express,Rajshahi,Dhaka (Kamalapur),SHOVAN,light_rain,0,343,9,19,1,0
709,Parabat Express,Dhaka (Kamalapur),Sylhet,SNIGDHA,clear,0,319,11,21,0,0
760,Padma Express,Rajshahi,Dhaka (Kamalapur),AC_S,cloudy,63,343,9,21,0,1
791,Banalata Express,Dhaka (Kamalapur),Rajshahi,SNIGDHA,clear,0,343,3,14,0,1
750,Egarosindhur Godhuli,Kishoreganj,Dhaka (Kamalapur),S_CHAIR,cloudy,0,135,8,23,0,0
769,Dhumketu Express,Dhaka (Kamalapur),Rajshahi,AC_S,light_rain,0,343,8,15,0,0
723,Udayan Express,Sylhet,Chattogram,AC_B,heavy_rain,0,430,14,20,1,1
757,Drutojan Express,Dhaka (Kamalapur),Panchagarh,S_CHAIR,cloudy,17,480,13,9,1,1
773,Kalni Express,Dhaka (Kamalapur),Sylhet,SHOVAN,clear,0,319,8,0,0,0
793,Panchagarh Express,Dhaka (Kamalapur),Panchagarh,SHULOV,cloudy,0,480,11,22,0,1
761,Sagardari Express,Khulna,Rajshahi,F_CHAIR,cloudy,0,280,12,15,0,0
793,Panchagarh Express,Dhaka (Kamalapur),Panchagarh,SHULOV,cloudy,2,480,11,0,0,1
788,Sonar Bangla Express,Chattogram,Dhaka (Kamalapur),AC_B,clear,0,320,4,11,0,0
753,Silkcity Express,Dhaka (Kamalapur),Rajshahi,AC_B,clear,0,343,9,20,1,1
761,Sagardari Express,Khulna,Rajshahi,F_SEAT,cloudy,6,280,12,22,0,0
753,Silkcity Express,Dhaka (Kamalapur),Rajshahi,AC_S,clear,20,343,9,13,0,0
721,Mohanagar Express,Dhaka (Kamalapur),Chattogram,AC_S,clear,17,320,8,19,1,0
706,Ekota Express,Panchagarh,Dhaka (Kamalapur),SHULOV,cloudy,24,480,14,3,0,0
763,Chitra Express,Dhaka (Kamalapur),Khulna,SNIGDHA,clear,0,405,13,19,1,0
813,Cox's Bazar Express,Dhaka (Kamalapur),Cox's Bazar,SHULOV,clear,18,452,6,4,0,1
815,Parjatak Express,Dhaka (Kamalapur),Cox's Bazar,AC_S,heavy_rain,0,452,5,15,0,1
721,Mohanagar Express,Dhaka (Kamalapur),Chattogram,AC_B,light_rain,0,320,8,8,1,1
701,Subarna Express,Dhaka (Kamalapur),Chattogram,AC_B,light_rain,17,320,4,5,0,1
742,Turna Nishitha,Chattogram,Dhaka (Kamalapur),SHULOV,heavy_rain,0,320,8,16,0,1
795,Benapole Express,Dhaka (Kamalapur),Benapole,SHOVAN,clear,0,420,7,6,0,1
761,Sagardari Express,Khulna,Rajshahi,SHOVAN,clear,0,280,12,22,0,0
813,Cox's Bazar Express,Dhaka (Kamalapur),Cox's Bazar,S_CHAIR,cloudy,0,452,6,12,0,0
769,Dhumketu Express,Dhaka (Kamalapur),Rajshahi,AC_B,light_rain,0,343,8,4,0,1
717,Joyantika Express,Dhaka (Kamalapur),Sylhet,SHOVAN,cloudy,0,319,13,9,1,0
735,Agnibina Express,Dhaka (Kamalapur),Jamalpur,S_CHAIR,clear,0,240,11,2,0,0
735,Agnibina Express,Dhaka (Kamalapur),Jamalpur,SNIGDHA,clear,0,240,11,21,0,1
760,Padma Express,Rajshahi,Dhaka (Kamalapur),S_CHAIR,cloudy,0,343,9,6,0,0
760,Padma Express,Rajshahi,Dhaka (Kamalapur),AC_B,clear,7,343,9,18,1,0
715,Kapotaksha Express,Khulna,Rajshahi,SHULOV,heavy_rain,6,280,14,12,0,1
742,Turna Nishitha,Chattogram,Dhaka (Kamalapur),S_CHAIR,clear,0,320,8,4,0,0
703,Mohanagar Provati,Dhaka (Kamalapur),Chattogram,S_CHAIR,cloudy,3,320,9,4,0,0
761,Sagardari Express,Khulna,Rajshahi,F_BERTH,cloudy,0,280,12,9,1,0
739,Upaban Express,Dhaka (Kamalapur),Sylhet,SHOVAN,clear,32,319,10,1,0,0
722,Mohanagar Express,Chattogram,Dhaka (Kamalapur),S_CHAIR,cloudy,0,320,8,5,0,0
773,Kalni Express,Dhaka (Kamalapur),Sylhet,SHULOV,clear,7,319,8,15,0,0
764,Chitra Express,Khulna,Dhaka (Kamalapur),SHULOV,cloudy,0,405,13,5,0,0
764,Chitra Express,Khulna,Dhaka (Kamalapur),SHOVAN,heavy_rain,80,405,13,10,0,1
741,Turna Nishitha,Dhaka (Kamalapur),Chattogram,SNIGDHA,clear,11,320,8,10,0,0
753,Silkcity Express,Dhaka (Kamalapur),Rajshahi,S_CHAIR,clear,4,343,9,18,1,0
773,Kalni Express,Dhaka (Kamalapur),Sylhet,AC_B,clear,0,319,8,21,0,0
769,Dhumketu Express,Dhaka (Kamalapur),Rajshahi,SNIGDHA,clear,32,343,8,12,0,1
721,Mohanagar Express,Dhaka (Kamalapur),Chattogram,S_CHAIR,clear,0,320,8,21,0,0
754,Silkcity Express,Rajshahi,Dhaka (Kamalapur),S_CHAIR,clear,0,343,9,1,0,0
715,Kapotaksha Express,Khulna,Rajshahi,F_SEAT,cloudy,2,280,14,8,1,0
763,Chitra Express,Dhaka (Kamalapur),Khulna,S_CHAIR,clear,20,405,13,13,0,1
769,Dhumketu Express,Dhaka (Kamalapur),Rajshahi,S_CHAIR,clear,9,343,8,5,0,0
705,Ekota Express,Dhaka (Kamalapur),Panchagarh,AC_S,cloudy,48,480,14,17,1,1
791,Banalata Express,Dhaka (Kamalapur),Rajshahi,SHOVAN,cloudy,0,343,3,4,0,0
761,Sagardari Express,Khulna,Rajshahi,F_CHAIR,light_rain,21,280,12,2,0,0
740,Upaban Express,Sylhet,Dhaka (Kamalapur),SNIGDHA,cloudy,0,319,10,3,0,1
715,Kapotaksha Express,Khulna,Rajshahi,F_CHAIR,cloudy,9,280,14,1,0,0
702,Subarna Express,Chattogram,Dhaka (Kamalapur),SNIGDHA,light_rain,5,320,4,1,0,0
702,Subarna Express,Chattogram,Dhaka (Kamalapur),AC_B,light_rain,0,320,4,2,0,0
754,Silkcity Express,Rajshahi,Dhaka (Kamalapur),SHULOV,cloudy,2,343,9,4,0,0
795,Benapole Express,Dhaka (Kamalapur),Benapole,AC_B,cloudy,0,420,7,2,0,1
715,Kapotaksha Express,Khulna,Rajshahi,F_CHAIR,clear,10,280,14,7,1,1
721,Mohanagar Express,Dhaka (Kamalapur),Chattogram,AC_S,clear,0,320,8,18,1,0
777,Haor Express,Dhaka (Kamalapur),Mohanganj,AC_B,clear,0,280,12,8,1,0
754,Silkcity Express,Rajshahi,Dhaka (Kamalapur),S_CHAIR,cloudy,72,343,9,19,1,1
715,Kapotaksha Express,Khulna,Rajshahi,F_BERTH,cloudy,0,280,14,20,1,0
715,Kapotaksha Express,Khulna,Rajshahi,SHULOV,clear,0,280,14,12,0,0
773,Kalni Express,Dhaka (Kamalapur),Sylhet,AC_B,heavy_rain,20,319,8,5,0,1
715,Kapotaksha Express,Khulna,Rajshahi,SHULOV,clear,0,280,14,15,0,0
723,Udayan Express,Sylhet,Chattogram,SHULOV,clear,0,430,14,2,0,0
757,Drutojan Express,Dhaka (Kamalapur),Panchagarh,SHULOV,clear,1,480,13,20,1,0
701,Subarna Express,Dhaka (Kamalapur),Chattogram,S_CHAIR,clear,0,320,4,5,0,0
731,Barendra Express,Rajshahi,Chilahati,SHULOV,light_rain,81,320,13,14,0,1
739,Upaban Express,Dhaka (Kamalapur),Sylhet,AC_S,cloudy,0,319,10,11,0,0
765,Nilsagar Express,Dhaka (Kamalapur),Chilahati,AC_S,clear,1,460,13,7,1,0
814,Cox's Bazar Express,Cox's Bazar,Dhaka (Kamalapur),SNIGDHA,cloudy,3,452,6,19,1,1
754,Silkcity Express,Rajshahi,Dhaka (Kamalapur),AC_S,heavy_rain,0,343,9,14,0,1
709,Parabat Express,Dhaka (Kamalapur),Sylhet,SHULOV,clear,0,319,11,4,0,0
815,Parjatak Express,Dhaka (Kamalapur),Cox's Bazar,SNIGDHA,cloudy,0,452,5,4,0,0
710,Parabat Express,Sylhet,Dhaka (Kamalapur),SHOVAN,cloudy,4,319,11,14,0,0
719,Paharika Express,Chattogram,Sylhet,SHULOV,clear,0,430,14,19,1,1
788,Sonar Bangla Express,Chattogram,Dhaka (Kamalapur),AC_B,clear,0,320,4,19,1,0
771,Rangpur Express,Dhaka (Kamalapur),Rangpur,SHULOV,cloudy,0,465,12,12,0,0
754,Silkcity Express,Rajshahi,Dhaka (Kamalapur),AC_S,heavy_rain,0,343,9,5,0,0
726,Sundarban Express,Khulna,Dhaka (Kamalapur),AC_S,clear,0,405,11,10,0,0
740,Upaban Express,Sylhet,Dhaka (Kamalapur),SHULOV,clear,20,319,10,19,1,0
705,Ekota Express,Dhaka (Kamalapur),Panchagarh,SNIGDHA,clear,78,480,14,4,0,0
793,Panchagarh Express,Dhaka (Kamalapur),Panchagarh,S_CHAIR,clear,0,480,11,15,0,0
791,Banalata Express,Dhaka (Kamalapur),Rajshahi,AC_B,heavy_rain,0,343,3,22,0,1
722,Mohanagar Express,Chattogram,Dhaka (Kamalapur),SHULOV,light_rain,0,320,8,9,1,1
795,Benapole Express,Dhaka (Kamalapur),Benapole,SNIGDHA,cloudy,68,420,7,0,0,1
769,Dhumketu Express,Dhaka (Kamalapur),Rajshahi,AC_B,clear,0,343,8,9,1,0
760,Padma Express,Rajshahi,Dhaka (Kamalapur),SNIGDHA,cloudy,0,343,9,14,0,0
726,Sundarban Express,Khulna,Dhaka (Kamalapur),SHULOV,heavy_rain,52,405,11,20,1,1
750,Egarosindhur Godhuli,Kishoreganj,Dhaka (Kamalapur),SHULOV,light_rain,15,135,8,20,1,0
727,Rupsha Express,Khulna,Chilahati,F_BERTH,cloudy,0,450,16,5,0,0
760,Padma Express,Rajshahi,Dhaka (Kamalapur),AC_B,clear,16,343,9,9,1,0
742,Turna Nishitha,Chattogram,Dhaka (Kamalapur),AC_B,clear,7,320,8,4,0,1
754,Silkcity Express,Rajshahi,Dhaka (Kamalapur),SHOVAN,clear,0,343,9,19,1,0
715,Kapotaksha Express,Khulna,Rajshahi,F_CHAIR,cloudy,0,280,14,10,0,0
707,Tista Express,Dhaka (Kamalapur),Jamalpur,SHULOV,cloudy,8,240,10,2,0,0
715,Kapotaksha Express,Khulna,Rajshahi,S_CHAIR,clear,0,280,14,13,0,1
703,Mohanagar Provati,Dhaka (Kamalapur),Chattogram,AC_B,cloudy,0,320,9,21,0,0
753,Silkcity Express,Dhaka (Kamalapur),Rajshahi,SNIGDHA,cloudy,9,343,9,14,0,1
760,Padma Express,Rajshahi,Dhaka (Kamalapur),AC_B,clear,5,343,9,21,0,0
723,Udayan Express,Sylhet,Chattogram,AC_S,clear,30,430,14,3,0,1
760,Padma Express,Rajshahi,Dhaka (Kamalapur),AC_B,clear,0,343,9,21,0,0
764,Chitra Express,Khulna,Dhaka (Kamalapur),SNIGDHA,cloudy,10,405,13,22,0,0
704,Mohanagar Godhuli,Chattogram,Dhaka (Kamalapur),AC_S,clear,0,320,9,6,0,0
707,Tista Express,Dhaka (Kamalapur),Jamalpur,AC_S,cloudy,0,240,10,14,0,0
722,Mohanagar Express,Chattogram,Dhaka (Kamalapur),AC_S,light_rain,0,320,8,14,0,1
765,Nilsagar Express,Dhaka (Kamalapur),Chilahati,S_CHAIR,clear,14,460,13,13,0,0
727,Rupsha Express,Khulna,Chilahati,SHOVAN,cloudy,0,450,16,15,0,0
735,Agnibina Express,Dhaka (Kamalapur),Jamalpur,S_CHAIR,clear,0,240,11,10,0,0
707,Tista Express,Dhaka (Kamalapur),Jamalpur,S_CHAIR,light_rain,70,240,10,11,0,1
802,Chattala Express,Dhaka (Kamalapur),Chattogram,SNIGDHA,cloudy,0,320,12,7,1,0
771,Rangpur Express,Dhaka (Kamalapur),Rangpur,SHULOV,cloudy,3,465,12,13,0,0
727,Rupsha Express,Khulna,Chilahati,F_CHAIR,light_rain,0,450,16,23,0,0
813,Cox's Bazar Express,Dhaka (Kamalapur),Cox's Bazar,AC_S,clear,0,452,6,15,0,0
788,Sonar Bangla Express,Chattogram,Dhaka (Kamalapur),AC_B,clear,0,320,4,16,0,1
791,Banalata Express,Dhaka (Kamalapur),Rajshahi,AC_B,cloudy,0,343,3,10,0,0
731,Barendra Express,Rajshahi,Chilahati,SHOVAN,clear,3,320,13,22,0,0
715,Kapotaksha Express,Khulna,Rajshahi,S_CHAIR,heavy_rain,2,280,14,3,0,1
721,Mohanagar Express,Dhaka (Kamalapur),Chattogram,AC_S,cloudy,4,320,8,22,0,0
750,Egarosindhur Godhuli,Kishoreganj,Dhaka (Kamalapur),F_BERTH,clear,0,135,8,6,0,0
731,Barendra Express,Rajshahi,Chilahati,F_BERTH,clear,0,320,13,2,0,0
769,Dhumketu Express,Dhaka (Kamalapur),Rajshahi,SNIGDHA,cloudy,4,343,8,13,0,1
791,Banalata Express,Dhaka (Kamalapur),Rajshahi,S_CHAIR,light_rain,8,343,3,0,0,0
737,Egarosindhur Provati,Dhaka (Kamalapur),Kishoreganj,SHOVAN,heavy_rain,0,135,8,5,0,1
787,Sonar Bangla Express,Dhaka (Kamalapur),Chattogram,SNIGDHA,light_rain,34,320,4,22,0,0
717,Joyantika Express,Dhaka (Kamalapur),Sylhet,S_CHAIR,clear,9,319,13,11,0,0
705,Ekota Express,Dhaka (Kamalapur),Panchagarh,SHOVAN,light_rain,0,480,14,17,1,0
725,Sundarban Express,Dhaka (Kamalapur),Khulna,SHULOV,clear,0,405,11,1,0,0
750,Egarosindhur Godhuli,Kishoreganj,Dhaka (Kamalapur),SHULOV,light_rain,0,135,8,16,0,0
761,Sagardari Express,Khulna,Rajshahi,SHULOV,clear,0,280,12,9,1,0
722,Mohanagar Express,Chattogram,Dhaka (Kamalapur),SHULOV,clear,0,320,8,3,0,0
722,Mohanagar Express,Chattogram,Dhaka (Kamalapur),S_CHAIR,clear,52,320,8,23,0,1
793,Panchagarh Express,Dhaka (Kamalapur),Panchagarh,SHULOV,cloudy,0,480,11,21,0,0
735,Agnibina Express,Dhaka (Kamalapur),Jamalpur,AC_S,cloudy,0,240,11,18,1,0
726,Sundarban Express,Khulna,Dhaka (Kamalapur),AC_B,clear,0,405,11,13,0,0
725,Sundarban Express,Dhaka (Kamalapur),Khulna,AC_B,clear,9,405,11,12,0,0
793,Panchagarh Express,Dhaka (Kamalapur),Panchagarh,S_CHAIR,heavy_rain,0,480,11,16,0,1
741,Turna Nishitha,Dhaka (Kamalapur),Chattogram,SHULOV,cloudy,0,320,8,15,0,0
757,Drutojan Express,Dhaka (Kamalapur),Panchagarh,SNIGDHA,light_rain,0,480,13,3,0,1
705,Ekota Express,Dhaka (Kamalapur),Panchagarh,AC_S,clear,0,480,14,0,0,1
766,Nilsagar Express,Chilahati,Dhaka (Kamalapur),S_CHAIR,clear,0,460,13,23,0,1
753,Silkcity Express,Dhaka (Kamalapur),Rajshahi,AC_B,light_rain,0,343,9,14,0,0
763,Chitra Express,Dhaka (Kamalapur),Khulna,SHULOV,light_rain,3,405,13,14,0,1
750,Egarosindhur Godhuli,Kishoreganj,Dhaka (Kamalapur),F_CHAIR,clear,0,135,8,12,0,1
743,Brahmaputra Express,Dhaka (Kamalapur),Jamalpur,S_CHAIR,cloudy,0,240,12,20,1,0
757,Drutojan Express,Dhaka (Kamalapur),Panchagarh,SHULOV,clear,43,480,13,17,1,1
765,Nilsagar Express,Dhaka (Kamalapur),Chilahati,SHOVAN,clear,0,460,13,21,0,1
702,Subarna Express,Chattogram,Dhaka (Kamalapur),SNIGDHA,light_rain,0,320,4,17,1,1
787,Sonar Bangla Express,Dhaka (Kamalapur),Chattogram,AC_S,light_rain,0,320,4,0,0,1
739,Upaban Express,Dhaka (Kamalapur),Sylhet,AC_B,clear,0,319,10,5,0,1
773,Kalni Express,Dhaka (Kamalapur),Sylhet,S_CHAIR,cloudy,0,319,8,22,0,0
719,Paharika Express,Chattogram,Sylhet,AC_S,clear,55,430,14,3,0,1
771,Rangpur Express,Dhaka (Kamalapur),Rangpur,SHOVAN,clear,55,465,12,8,1,1
769,Dhumketu Express,Dhaka (Kamalapur),Rajshahi,AC_B,cloudy,18,343,8,8,1,0
721,Mohanagar Express,Dhaka (Kamalapur),Chattogram,AC_S,light_rain,0,320,8,2,0,0
733,Titumir Express,Rajshahi,Chilahati,F_SEAT,clear,65,320,12,17,1,1
726,Sundarban Express,Khulna,Dhaka (Kamalapur),SHOVAN,clear,34,405,11,15,0,1
735,Agnibina Express,Dhaka (Kamalapur),Jamalpur,S_CHAIR,heavy_rain,0,240,11,1,0,1
703,Mohanagar Provati,Dhaka (Kamalapur),Chattogram,SNIGDHA,clear,2,320,9,8,1,1
795,Benapole Express,Dhaka (Kamalapur),Benapole,SNIGDHA,light_rain,6,420,7,8,1,0
723,Udayan Express,Sylhet,Chattogram,AC_S,cloudy,21,430,14,4,0,1
763,Chitra Express,Dhaka (Kamalapur),Khulna,AC_B,light_rain,24,405,13,22,0,1
704,Mohanagar Godhuli,Chattogram,Dhaka (Kamalapur),SHULOV,cloudy,11,320,9,21,0,1
759,Padma Express,Dhaka (Kamalapur),Rajshahi,SHOVAN,clear,0,343,9,6,0,0
702,Subarna Express,Chattogram,Dhaka (Kamalapur),SNIGDHA,cloudy,17,320,4,20,1,0
709,Parabat Express,Dhaka (Kamalapur),Sylhet,S_CHAIR,heavy_rain,19,319,11,22,0,1
793,Panchagarh Express,Dhaka (Kamalapur),Panchagarh,S_CHAIR,clear,0,480,11,17,1,0
735,Agnibina Express,Dhaka (Kamalapur),Jamalpur,SHULOV,cloudy,0,240,11,2,0,0
709,Parabat Express,Dhaka (Kamalapur),Sylhet,SHOVAN,cloudy,5,319,11,22,0,0
735,Agnibina Express,Dhaka (Kamalapur),Jamalpur,SHOVAN,light_rain,1,240,11,20,1,0
791,Banalata Express,Dhaka (Kamalapur),Rajshahi,S_CHAIR,clear,0,343,3,1,0,0
740,Upaban Express,Sylhet,Dhaka (Kamalapur),S_CHAIR,cloudy,0,319,10,2,0,0
727,Rupsha Express,Khulna,Chilahati,F_SEAT,heavy_rain,0,450,16,5,0,1
793,Panchagarh Express,Dhaka (Kamalapur),Panchagarh,AC_B,clear,11,480,11,10,0,1
763,Chitra Express,Dhaka (Kamalapur),Khulna,AC_S,heavy_rain,21,405,13,2,0,1
761,Sagardari Express,Khulna,Rajshahi,F_BERTH,cloudy,36,280,12,1,0,0
777,Haor Express,Dhaka (Kamalapur),Mohanganj,AC_B,light_rain,0,280,12,20,1,1
788,Sonar Bangla Express,Chattogram,Dhaka (Kamalapur),SNIGDHA,clear,7,320,4,13,0,0
743,Brahmaputra Express,Dhaka (Kamalapur),Jamalpur,SHOVAN,clear,0,240,12,19,1,0
735,Agnibina Express,Dhaka (Kamalapur),Jamalpur,AC_B,cloudy,0,240,11,0,0,1
733,Titumir Express,Rajshahi,Chilahati,F_SEAT,light_rain,0,320,12,15,0,0
710,Parabat Express,Sylhet,Dhaka (Kamalapur),AC_S,light_rain,1,319,11,16,0,0
773,Kalni Express,Dhaka (Kamalapur),Sylhet,SHOVAN,light_rain,0,319,8,10,0,0
705,Ekota Express,Dhaka (Kamalapur),Panchagarh,SHOVAN,cloudy,0,480,14,17,1,0
814,Cox's Bazar Express,Cox's Bazar,Dhaka (Kamalapur),AC_S,cloudy,0,452,6,15,0,0
771,Rangpur Express,Dhaka (Kamalapur),Rangpur,SHULOV,clear,10,465,12,13,0,1
733,Titumir Express,Rajshahi,Chilahati,F_BERTH,cloudy,0,320,12,19,1,0
731,Barendra Express,Rajshahi,Chilahati,F_CHAIR,light_rain,0,320,13,0,0,1
702,Subarna Express,Chattogram,Dhaka (Kamalapur),SHOVAN,clear,5,320,4,11,0,1
814,Cox's Bazar Express,Cox's Bazar,Dhaka (Kamalapur),SNIGDHA,clear,16,452,6,7,1,1
739,Upaban Express,Dhaka (Kamalapur),Sylhet,AC_B,clear,23,319,10,3,0,1
726,Sundarban Express,Khulna,Dhaka (Kamalapur),AC_S,clear,64,405,11,19,1,0
703,Mohanagar Provati,Dhaka (Kamalapur),Chattogram,AC_B,clear,0,320,9,22,0,0
793,Panchagarh Express,Dhaka (Kamalapur),Panchagarh,AC_S,light_rain,29,480,11,9,1,1
788,Sonar Bangla Express,Chattogram,Dhaka (Kamalapur),SNIGDHA,light_rain,27,320,4,6,0,0
733,Titumir Express,Rajshahi,Chilahati,SHULOV,cloudy,3,320,12,20,1,0
705,Ekota Express,Dhaka (Kamalapur),Panchagarh,S_CHAIR,clear,0,480,14,15,0,0
793,Panchagarh Express,Dhaka (Kamalapur),Panchagarh,SHOVAN,cloudy,0,480,11,7,1,0
759,Padma Express,Dhaka (Kamalapur),Rajshahi,SHOVAN,clear,0,343,9,2,0,0
709,Parabat Express,Dhaka (Kamalapur),Sylhet,SHOVAN,clear,0,319,11,14,0,0
764,Chitra Express,Khulna,Dhaka (Kamalapur),SNIGDHA,clear,0,405,13,20,1,0
717,Joyantika Express,Dhaka (Kamalapur),Sylhet,SHOVAN,cloudy,0,319,13,3,0,1
814,Cox's Bazar Express,Cox's Bazar,Dhaka (Kamalapur),SNIGDHA,clear,6,452,6,21,0,1
771,Rangpur Express,Dhaka (Kamalapur),Rangpur,AC_S,heavy_rain,19,465,12,9,1,1
760,Padma Express,Rajshahi,Dhaka (Kamalapur),S_CHAIR,light_rain,0,343,9,4,0,1
750,Egarosindhur Godhuli,Kishoreganj,Dhaka (Kamalapur),SHULOV,clear,27,135,8,14,0,1
733,Titumir Express,Rajshahi,Chilahati,F_BERTH,clear,80,320,12,13,0,1
757,Drutojan Express,Dhaka (Kamalapur),Panchagarh,AC_B,clear,50,480,13,0,0,1
753,Silkcity Express,Dhaka (Kamalapur),Rajshahi,SNIGDHA,clear,23,343,9,17,1,0
765,Nilsagar Express,Dhaka (Kamalapur),Chilahati,AC_B,light_rain,3,460,13,19,1,1
760,Padma Express,Rajshahi,Dhaka (Kamalapur),S_CHAIR,clear,0,343,9,15,0,0
725,Sundarban Express,Dhaka (Kamalapur),Khulna,SHULOV,light_rain,2,405,11,5,0,0
764,Chitra Express,Khulna,Dhaka (Kamalapur),AC_B,clear,0,405,13,9,1,1
788,Sonar Bangla Express,Chattogram,Dhaka (Kamalapur),AC_S,cloudy,21,320,4,12,0,1
706,Ekota Express,Panchagarh,Dhaka (Kamalapur),S_CHAIR,cloudy,23,480,14,4,0,1
737,Egarosindhur Provati,Dhaka (Kamalapur),Kishoreganj,SHULOV,cloudy,10,135,8,16,0,0
814,Cox's Bazar Express,Cox's Bazar,Dhaka (Kamalapur),AC_B,heavy_rain,0,452,6,7,1,0
764,Chitra Express,Khulna,Dhaka (Kamalapur),S_CHAIR,cloudy,1,405,13,14,0,0
733,Titumir Express,Rajshahi,Chilahati,F_CHAIR,clear,0,320,12,19,1,0
743,Brahmaputra Express,Dhaka (Kamalapur),Jamalpur,AC_S,cloudy,75,240,12,7,1,1
793,Panchagarh Express,Dhaka (Kamalapur),Panchagarh,SHOVAN,clear,0,480,11,17,1,0
761,Sagardari Express,Khulna,Rajshahi,F_BERTH,cloudy,0,280,12,6,0,0
703,Mohanagar Provati,Dhaka (Kamalapur),Chattogram,SHULOV,cloudy,8,320,9,6,0,1
722,Mohanagar Express,Chattogram,Dhaka (Kamalapur),SHULOV,light_rain,0,320,8,2,0,1
725,Sundarban Express,Dhaka (Kamalapur),Khulna,AC_S,cloudy,16,405,11,19,1,1
706,Ekota Express,Panchagarh,Dhaka (Kamalapur),SHULOV,clear,0,480,14,14,0,0
787,Sonar Bangla Express,Dhaka (Kamalapur),Chattogram,SNIGDHA,cloudy,8,320,4,16,0,0
721,Mohanagar Express,Dhaka (Kamalapur),Chattogram,S_CHAIR,cloudy,0,320,8,12,0,0
754,Silkcity Express,Rajshahi,Dhaka (Kamalapur),AC_S,clear,32,343,9,10,0,0
703,Mohanagar Provati,Dhaka (Kamalapur),Chattogram,AC_S,heavy_rain,0,320,9,13,0,0
719,Paharika Express,Chattogram,Sylhet,SHOVAN,cloudy,0,430,14,13,0,0
753,Silkcity Express,Dhaka (Kamalapur),Rajshahi,SNIGDHA,clear,0,343,9,14,0,0
740,Upaban Express,Sylhet,Dhaka (Kamalapur),SHULOV,cloudy,0,319,10,9,1,0
721,Mohanagar Express,Dhaka (Kamalapur),Chattogram,SHULOV,cloudy,47,320,8,19,1,1
759,Padma Express,Dhaka (Kamalapur),Rajshahi,SHULOV,light_rain,3,343,9,22,0,0
763,Chitra Express,Dhaka (Kamalapur),Khulna,AC_B,clear,0,405,13,20,1,0
737,Egarosindhur Provati,Dhaka (Kamalapur),Kishoreganj,F_BERTH,clear,0,135,8,13,0,0
788,Sonar Bangla Express,Chattogram,Dhaka (Kamalapur),AC_B,clear,0,320,4,20,1,0
771,Rangpur Express,Dhaka (Kamalapur),Rangpur,S_CHAIR,cloudy,0,465,12,1,0,0
707,Tista Express,Dhaka (Kamalapur),Jamalpur,SNIGDHA,light_rain,0,240,10,17,1,0
710,Parabat Express,Sylhet,Dhaka (Kamalapur),SHULOV,cloudy,0,319,11,10,0,0
703,Mohanagar Provati,Dhaka (Kamalapur),Chattogram,S_CHAIR,clear,71,320,9,6,0,1
757,Drutojan Express,Dhaka (Kamalapur),Panchagarh,AC_S,clear,0,480,13,5,0,0
813,Cox's Bazar Express,Dhaka (Kamalapur),Cox's Bazar,SHOVAN,clear,59,452,6,6,0,0
704,Mohanagar Godhuli,Chattogram,Dhaka (Kamalapur),SNIGDHA,clear,0,320,9,19,1,0
733,Titumir Express,Rajshahi,Chilahati,S_CHAIR,clear,0,320,12,9,1,1
750,Egarosindhur Godhuli,Kishoreganj,Dhaka (Kamalapur),F_SEAT,clear,0,135,8,17,1,1
741,Turna Nishitha,Dhaka (Kamalapur),Chattogram,SHULOV,cloudy,0,320,8,16,0,0
760,Padma Express,Rajshahi,Dhaka (Kamalapur),S_CHAIR,heavy_rain,0,343,9,18,1,0
722,Mohanagar Express,Chattogram,Dhaka (Kamalapur),S_CHAIR,heavy_rain,0,320,8,8,1,1
753,Silkcity Express,Dhaka (Kamalapur),Rajshahi,SHOVAN,cloudy,0,343,9,13,0,0
787,Sonar Bangla Express,Dhaka (Kamalapur),Chattogram,AC_S,cloudy,1,320,4,21,0,0
766,Nilsagar Express,Chilahati,Dhaka (Kamalapur),SHULOV,light_rain,0,460,13,22,0,1
766,Nilsagar Express,Chilahati,Dhaka (Kamalapur),AC_B,cloudy,24,460,13,8,1,1
706,Ekota Express,Panchagarh,Dhaka (Kamalapur),SHULOV,light_rain,0,480,14,23,0,1
765,Nilsagar Express,Dhaka (Kamalapur),Chilahati,SNIGDHA,light_rain,5,460,13,22,0,0
764,Chitra Express,Khulna,Dhaka (Kamalapur),AC_B,clear,7,405,13,23,0,1
813,Cox's Bazar Express,Dhaka (Kamalapur),Cox's Bazar,SHULOV,clear,63,452,6,14,0,1
814,Cox's Bazar Express,Cox's Bazar,Dhaka (Kamalapur),AC_B,cloudy,19,452,6,14,0,0
793,Panchagarh Express,Dhaka (Kamalapur),Panchagarh,AC_S,clear,0,480,11,10,0,0
764,Chitra Express,Khulna,Dhaka (Kamalapur),SHULOV,light_rain,1,405,13,0,0,0
787,Sonar Bangla Express,Dhaka (Kamalapur),Chattogram,AC_B,clear,0,320,4,8,1,0
723,Udayan Express,Sylhet,Chattogram,SHOVAN,clear,21,430,14,11,0,1
788,Sonar Bangla Express,Chattogram,Dhaka (Kamalapur),AC_S,light_rain,11,320,4,12,0,0
741,Turna Nishitha,Dhaka (Kamalapur),Chattogram,AC_B,cloudy,9,320,8,7,1,0
743,Brahmaputra Express,Dhaka (Kamalapur),Jamalpur,S_CHAIR,cloudy,71,240,12,10,0,1
787,Sonar Bangla Express,Dhaka (Kamalapur),Chattogram,SNIGDHA,clear,0,320,4,23,0,1
791,Banalata Express,Dhaka (Kamalapur),Rajshahi,S_CHAIR,heavy_rain,2,343,3,22,0,1
765,Nilsagar Express,Dhaka (Kamalapur),Chilahati,SHULOV,cloudy,0,460,13,21,0,0
726,Sundarban Express,Khulna,Dhaka (Kamalapur),AC_S,light_rain,0,405,11,7,1,0
743,Brahmaputra Express,Dhaka (Kamalapur),Jamalpur,SHULOV,clear,41,240,12,10,0,0
709,Parabat Express,Dhaka (Kamalapur),Sylhet,SHULOV,clear,0,319,11,17,1,0
733,Titumir Express,Rajshahi,Chilahati,SHULOV,clear,80,320,12,2,0,1
737,Egarosindhur Provati,Dhaka (Kamalapur),Kishoreganj,SHULOV,cloudy,0,135,8,7,1,1
704,Mohanagar Godhuli,Chattogram,Dhaka (Kamalapur),AC_B,clear,78,320,9,18,1,0
759,Padma Express,Dhaka (Kamalapur),Rajshahi,SHOVAN,cloudy,0,343,9,12,0,0
754,Silkcity Express,Rajshahi,Dhaka (Kamalapur),SHULOV,heavy_rain,3,343,9,7,1,1
726,Sundarban Express,Khulna,Dhaka (Kamalapur),SNIGDHA,clear,5,405,11,4,0,1
743,Brahmaputra Express,Dhaka (Kamalapur),Jamalpur,SHULOV,clear,63,240,12,3,0,0
765,Nilsagar Express,Dhaka (Kamalapur),Chilahati,S_CHAIR,cloudy,4,460,13,12,0,0
742,Turna Nishitha,Chattogram,Dhaka (Kamalapur),SHULOV,clear,12,320,8,5,0,0
773,Kalni Express,Dhaka (Kamalapur),Sylhet,SHULOV,light_rain,0,319,8,13,0,0
761,Sagardari Express,Khulna,Rajshahi,S_CHAIR,clear,9,280,12,6,0,0
721,Mohanagar Express,Dhaka (Kamalapur),Chattogram,AC_S,clear,85,320,8,9,1,1
741,Turna Nishitha,Dhaka (Kamalapur),Chattogram,S_CHAIR,cloudy,0,320,8,23,0,0
754,Silkcity Express,Rajshahi,Dhaka (Kamalapur),SHULOV,light_rain,55,343,9,13,0,1
788,Sonar Bangla Express,Chattogram,Dhaka (Kamalapur),AC_B,clear,0,320,4,16,0,0
742,Turna Nishitha,Chattogram,Dhaka (Kamalapur),SHULOV,cloudy,0,320,8,15,0,0
813,Cox's Bazar Express,Dhaka (Kamalapur),Cox's Bazar,SHULOV,cloudy,25,452,6,12,0,0
754,Silkcity Express,Rajshahi,Dhaka (Kamalapur),AC_B,clear,2,343,9,16,0,0
765,Nilsagar Express,Dhaka (Kamalapur),Chilahati,S_CHAIR,clear,0,460,13,20,1,0
741,Turna Nishitha,Dhaka (Kamalapur),Chattogram,AC_B,clear,16,320,8,0,0,0
733,Titumir Express,Rajshahi,Chilahati,SHOVAN,cloudy,9,320,12,20,1,0
743,Brahmaputra Express,Dhaka (Kamalapur),Jamalpur,AC_B,clear,10,240,12,10,0,1
815,Parjatak Express,Dhaka (Kamalapur),Cox's Bazar,SHULOV,clear,9,452,5,2,0,0
754,Silkcity Express,Rajshahi,Dhaka (Kamalapur),SHOVAN,clear,0,343,9,16,0,0
706,Ekota Express,Panchagarh,Dhaka (Kamalapur),S_CHAIR,clear,21,480,14,11,0,0
777,Haor Express,Dhaka (Kamalapur),Mohanganj,AC_B,cloudy,0,280,12,9,1,1
741,Turna Nishitha,Dhaka (Kamalapur),Chattogram,SHOVAN,cloudy,0,320,8,19,1,0
739,Upaban Express,Dhaka (Kamalapur),Sylhet,S_CHAIR,cloudy,0,319,10,8,1,0
742,Turna Nishitha,Chattogram,Dhaka (Kamalapur),SHOVAN,clear,0,320,8,21,0,0
802,Chattala Express,Dhaka (Kamalapur),Chattogram,S_CHAIR,light_rain,0,320,12,19,1,1
706,Ekota Express,Panchagarh,Dhaka (Kamalapur),AC_B,cloudy,7,480,14,11,0,0
742,Turna Nishitha,Chattogram,Dhaka (Kamalapur),AC_S,clear,0,320,8,3,0,1
705,Ekota Express,Dhaka (Kamalapur),Panchagarh,SHULOV,light_rain,0,480,14,22,0,1
740,Upaban Express,Sylhet,Dhaka (Kamalapur),SHOVAN,clear,51,319,10,12,0,0
735,Agnibina Express,Dhaka (Kamalapur),Jamalpur,SHOVAN,cloudy,0,240,11,0,0,0
743,Brahmaputra Express,Dhaka (Kamalapur),Jamalpur,AC_S,clear,19,240,12,20,1,0
710,Parabat Express,Sylhet,Dhaka (Kamalapur),SHULOV,cloudy,59,319,11,14,0,1
791,Banalata Express,Dhaka (Kamalapur),Rajshahi,SHOVAN,heavy_rain,20,343,3,9,1,1
704,Mohanagar Godhuli,Chattogram,Dhaka (Kamalapur),SHULOV,clear,4,320,9,2,0,0
764,Chitra Express,Khulna,Dhaka (Kamalapur),AC_B,heavy_rain,7,405,13,15,0,1
735,Agnibina Express,Dhaka (Kamalapur),Jamalpur,SHOVAN,cloudy,0,240,11,23,0,0
706,Ekota Express,Panchagarh,Dhaka (Kamalapur),SHULOV,clear,9,480,14,5,0,0
705,Ekota Express,Dhaka (Kamalapur),Panchagarh,AC_S,clear,0,480,14,1,0,0
754,Silkcity Express,Rajshahi,Dhaka (Kamalapur),AC_B,clear,4,343,9,3,0,0
739,Upaban Express,Dhaka (Kamalapur),Sylhet,AC_S,clear,44,319,10,20,1,0
726,Sundarban Express,Khulna,Dhaka (Kamalapur),SHOVAN,light_rain,1,405,11,10,0,1
753,Silkcity Express,Dhaka (Kamalapur),Rajshahi,SHULOV,clear,0,343,9,6,0,0
742,Turna Nishitha,Chattogram,Dhaka (Kamalapur),S_CHAIR,clear,8,320,8,8,1,0
773,Kalni Express,Dhaka (Kamalapur),Sylhet,SNIGDHA,clear,0,319,8,14,0,0
741,Turna Nishitha,Dhaka (Kamalapur),Chattogram,SNIGDHA,cloudy,22,320,8,6,0,1
741,Turna Nishitha,Dhaka (Kamalapur),Chattogram,S_CHAIR,clear,6,320,8,15,0,0
722,Mohanagar Express,Chattogram,Dhaka (Kamalapur),S_CHAIR,cloudy,8,320,8,12,0,0
759,Padma Express,Dhaka (Kamalapur),Rajshahi,AC_S,clear,0,343,9,16,0,0
788,Sonar Bangla Express,Chattogram,Dhaka (Kamalapur),SNIGDHA,light_rain,0,320,4,15,0,0
761,Sagardari Express,Khulna,Rajshahi,S_CHAIR,clear,0,280,12,3,0,0
710,Parabat Express,Sylhet,Dhaka (Kamalapur),SHULOV,light_rain,26,319,11,3,0,1
813,Cox's Bazar Express,Dhaka (Kamalapur),Cox's Bazar,AC_S,heavy_rain,0,452,6,12,0,0
742,Turna Nishitha,Chattogram,Dhaka (Kamalapur),S_CHAIR,clear,0,320,8,13,0,0
709,Parabat Express,Dhaka (Kamalapur),Sylhet,AC_S,clear,0,319,11,1,0,0
740,Upaban Express,Sylhet,Dhaka (Kamalapur),SNIGDHA,cloudy,0,319,10,1,0,0
719,Paharika Express,Chattogram,Sylhet,AC_S,clear,0,430,14,8,1,0
773,Kalni Express,Dhaka (Kamalapur),Sylhet,AC_B,clear,28,319,8,10,0,0
727,Rupsha Express,Khulna,Chilahati,SHOVAN,cloudy,0,450,16,18,1,0
741,Turna Nishitha,Dhaka (Kamalapur),Chattogram,SHULOV,cloudy,68,320,8,20,1,1
725,Sundarban Express,Dhaka (Kamalapur),Khulna,AC_B,clear,0,405,11,15,0,0
750,Egarosindhur Godhuli,Kishoreganj,Dhaka (Kamalapur),F_SEAT,clear,4,135,8,17,1,0
725,Sundarban Express,Dhaka (Kamalapur),Khulna,SHULOV,cloudy,0,405,11,16,0,1
740,Upaban Express,Sylhet,Dhaka (Kamalapur),SHULOV,heavy_rain,0,319,10,22,0,0
764,Chitra Express,Khulna,Dhaka (Kamalapur),SHULOV,cloudy,0,405,13,16,0,0
760,Padma Express,Rajshahi,Dhaka (Kamalapur),SHOVAN,clear,3,343,9,18,1,0
733,Titumir Express,Rajshahi,Chilahati,SHOVAN,cloudy,19,320,12,9,1,0
802,Chattala Express,Dhaka (Kamalapur),Chattogram,AC_S,clear,4,320,12,8,1,1
733,Titumir Express,Rajshahi,Chilahati,F_BERTH,cloudy,0,320,12,20,1,0
754,Silkcity Express,Rajshahi,Dhaka (Kamalapur),SNIGDHA,clear,0,343,9,19,1,0
793,Panchagarh Express,Dhaka (Kamalapur),Panchagarh,AC_B,light_rain,0,480,11,0,0,0
731,Barendra Express,Rajshahi,Chilahati,SHOVAN,clear,7,320,13,19,1,0
709,Parabat Express,Dhaka (Kamalapur),Sylhet,SNIGDHA,clear,0,319,11,23,0,0
763,Chitra Express,Dhaka (Kamalapur),Khulna,AC_B,cloudy,16,405,13,6,0,0
813,Cox's Bazar Express,Dhaka (Kamalapur),Cox's Bazar,SHULOV,clear,0,452,6,12,0,0
742,Turna Nishitha,Chattogram,Dhaka (Kamalapur),AC_B,clear,8,320,8,4,0,0
771,Rangpur Express,Dhaka (Kamalapur),Rangpur,AC_B,clear,0,465,12,20,1,1
731,Barendra Express,Rajshahi,Chilahati,F_BERTH,clear,81,320,13,3,0,0
737,Egarosindhur Provati,Dhaka (Kamalapur),Kishoreganj,F_BERTH,clear,0,135,8,5,0,0
710,Parabat Express,Sylhet,Dhaka (Kamalapur),AC_B,cloudy,0,319,11,1,0,0
795,Benapole Express,Dhaka (Kamalapur),Benapole,S_CHAIR,clear,0,420,7,4,0,0
735,Agnibina Express,Dhaka (Kamalapur),Jamalpur,S_CHAIR,cloudy,41,240,11,7,1,0
753,Silkcity Express,Dhaka (Kamalapur),Rajshahi,AC_B,cloudy,90,343,9,2,0,1
813,Cox's Bazar Express,Dhaka (Kamalapur),Cox's Bazar,S_CHAIR,cloudy,0,452,6,21,0,0
717,Joyantika Express,Dhaka (Kamalapur),Sylhet,SNIGDHA,light_rain,0,319,13,8,1,0
703,Mohanagar Provati,Dhaka (Kamalapur),Chattogram,AC_B,light_rain,0,320,9,14,0,0
763,Chitra Express,Dhaka (Kamalapur),Khulna,AC_B,clear,0,405,13,4,0,0
719,Paharika Express,Chattogram,Sylhet,S_CHAIR,clear,7,430,14,4,0,0
710,Parabat Express,Sylhet,Dhaka (Kamalapur),S_CHAIR,clear,0,319,11,17,1,0
766,Nilsagar Express,Chilahati,Dhaka (Kamalapur),SHULOV,clear,0,460,13,11,0,0
702,Subarna Express,Chattogram,Dhaka (Kamalapur),SNIGDHA,cloudy,14,320,4,11,0,0
741,Turna Nishitha,Dhaka (Kamalapur),Chattogram,SNIGDHA,cloudy,0,320,8,7,1,1
777,Haor Express,Dhaka (Kamalapur),Mohanganj,SHULOV,clear,0,280,12,3,0,1
771,Rangpur Express,Dhaka (Kamalapur),Rangpur,AC_S,clear,0,465,12,0,0,0
742,Turna Nishitha,Chattogram,Dhaka (Kamalapur),AC_S,cloudy,75,320,8,15,0,1
733,Titumir Express,Rajshahi,Chilahati,SHULOV,cloudy,0,320,12,20,1,0
795,Benapole Express,Dhaka (Kamalapur),Benapole,AC_S,clear,7,420,7,8,1,0
737,Egarosindhur Provati,Dhaka (Kamalapur),Kishoreganj,F_SEAT,clear,0,135,8,4,0,0
788,Sonar Bangla Express,Chattogram,Dhaka (Kamalapur),AC_B,clear,0,320,4,22,0,0
707,Tista Express,Dhaka (Kamalapur),Jamalpur,S_CHAIR,light_rain,0,240,10,13,0,1
703,Mohanagar Provati,Dhaka (Kamalapur),Chattogram,SNIGDHA,cloudy,0,320,9,17,1,1
701,Subarna Express,Dhaka (Kamalapur),Chattogram,SNIGDHA,clear,0,320,4,18,1,0
733,Titumir Express,Rajshahi,Chilahati,S_CHAIR,clear,0,320,12,11,0,0
795,Benapole Express,Dhaka (Kamalapur),Benapole,AC_S,clear,7,420,7,3,0,0
795,Benapole Express,Dhaka (Kamalapur),Benapole,AC_B,cloudy,11,420,7,15,0,0
717,Joyantika Express,Dhaka (Kamalapur),Sylhet,AC_S,clear,8,319,13,22,0,1
735,Agnibina Express,Dhaka (Kamalapur),Jamalpur,SHULOV,clear,64,240,11,19,1,0
723,Udayan Express,Sylhet,Chattogram,S_CHAIR,light_rain,6,430,14,13,0,0
735,Agnibina Express,Dhaka (Kamalapur),Jamalpur,S_CHAIR,clear,35,240,11,18,1,1
715,Kapotaksha Express,Khulna,Rajshahi,F_BERTH,clear,86,280,14,2,0,1
802,Chattala Express,Dhaka (Kamalapur),Chattogram,SNIGDHA,clear,0,320,12,2,0,0
739,Upaban Express,Dhaka (Kamalapur),Sylhet,S_CHAIR,heavy_rain,38,319,10,15,0,1
760,Padma Express,Rajshahi,Dhaka (Kamalapur),S_CHAIR,light_rain,0,343,9,19,1,1
735,Agnibina Express,Dhaka (Kamalapur),Jamalpur,S_CHAIR,cloudy,70,240,11,1,0,1
757,Drutojan Express,Dhaka (Kamalapur),Panchagarh,AC_B,clear,0,480,13,12,0,0
726,Sundarban Express,Khulna,Dhaka (Kamalapur),SHULOV,clear,0,405,11,14,0,0
721,Mohanagar Express,Dhaka (Kamalapur),Chattogram,S_CHAIR,light_rain,0,320,8,10,0,0
777,Haor Express,Dhaka (Kamalapur),Mohanganj,SHULOV,cloudy,0,280,12,15,0,0
765,Nilsagar Express,Dhaka (Kamalapur),Chilahati,AC_B,heavy_rain,12,460,13,13,0,1
815,Parjatak Express,Dhaka (Kamalapur),Cox's Bazar,AC_B,heavy_rain,7,452,5,2,0,1
704,Mohanagar Godhuli,Chattogram,Dhaka (Kamalapur),SNIGDHA,light_rain,0,320,9,8,1,1
791,Banalata Express,Dhaka (Kamalapur),Rajshahi,SNIGDHA,heavy_rain,0,343,3,13,0,1
733,Titumir Express,Rajshahi,Chilahati,F_SEAT,heavy_rain,7,320,12,12,0,1
771,Rangpur Express,Dhaka (Kamalapur),Rangpur,AC_S,clear,0,465,12,23,0,0
719,Paharika Express,Chattogram,Sylhet,AC_B,clear,15,430,14,3,0,0
739,Upaban Express,Dhaka (Kamalapur),Sylhet,SHOVAN,cloudy,0,319,10,18,1,1
814,Cox's Bazar Express,Cox's Bazar,Dhaka (Kamalapur),S_CHAIR,cloudy,0,452,6,6,0,0
765,Nilsagar Express,Dhaka (Kamalapur),Chilahati,AC_B,clear,11,460,13,16,0,1
764,Chitra Express,Khulna,Dhaka (Kamalapur),SHULOV,heavy_rain,0,405,13,17,1,0
723,Udayan Express,Sylhet,Chattogram,AC_B,light_rain,0,430,14,19,1,1
717,Joyantika Express,Dhaka (Kamalapur),Sylhet,SHULOV,cloudy,7,319,13,3,0,0
721,Mohanagar Express,Dhaka (Kamalapur),Chattogram,AC_B,cloudy,0,320,8,19,1,1
725,Sundarban Express,Dhaka (Kamalapur),Khulna,SHOVAN,cloudy,0,405,11,7,1,0
722,Mohanagar Express,Chattogram,Dhaka (Kamalapur),AC_S,light_rain,22,320,8,13,0,1
733,Titumir Express,Rajshahi,Chilahati,SHULOV,clear,0,320,12,21,0,0
733,Titumir Express,Rajshahi,Chilahati,S_CHAIR,cloudy,0,320,12,4,0,0
705,Ekota Express,Dhaka (Kamalapur),Panchagarh,SHULOV,cloudy,67,480,14,7,1,1
797,Kurigram Express,Dhaka (Kamalapur),Kurigram,SHULOV,clear,0,500,15,20,1,0
760,Padma Express,Rajshahi,Dhaka (Kamalapur),SNIGDHA,cloudy,7,343,9,4,0,0
733,Titumir Express,Rajshahi,Chilahati,S_CHAIR,light_rain,41,320,12,6,0,1
701,Subarna Express,Dhaka (Kamalapur),Chattogram,SHULOV,light_rain,3,320,4,2,0,1
750,Egarosindhur Godhuli,Kishoreganj,Dhaka (Kamalapur),F_SEAT,heavy_rain,6,135,8,7,1,1
710,Parabat Express,Sylhet,Dhaka (Kamalapur),SHULOV,light_rain,0,319,11,2,0,0
793,Panchagarh Express,Dhaka (Kamalapur),Panchagarh,SHOVAN,light_rain,2,480,11,3,0,1
813,Cox's Bazar Express,Dhaka (Kamalapur),Cox's Bazar,AC_B,clear,0,452,6,0,0,0
793,Panchagarh Express,Dhaka (Kamalapur),Panchagarh,AC_B,clear,0,480,11,14,0,1
701,Subarna Express,Dhaka (Kamalapur),Chattogram,AC_S,cloudy,38,320,4,11,0,1
706,Ekota Express,Panchagarh,Dhaka (Kamalapur),AC_B,clear,5,480,14,17,1,0
742,Turna Nishitha,Chattogram,Dhaka (Kamalapur),AC_S,light_rain,0,320,8,7,1,0
741,Turna Nishitha,Dhaka (Kamalapur),Chattogram,SNIGDHA,clear,4,320,8,20,1,0
764,Chitra Express,Khulna,Dhaka (Kamalapur),S_CHAIR,cloudy,0,405,13,21,0,0
760,Padma Express,Rajshahi,Dhaka (Kamalapur),AC_B,cloudy,20,343,9,23,0,0
791,Banalata Express,Dhaka (Kamalapur),Rajshahi,SHOVAN,cloudy,6,343,3,13,0,0
793,Panchagarh Express,Dhaka (Kamalapur),Panchagarh,AC_B,clear,1,480,11,9,1,0
705,Ekota Express,Dhaka (Kamalapur),Panchagarh,SNIGDHA,clear,0,480,14,5,0,1
743,Brahmaputra Express,Dhaka (Kamalapur),Jamalpur,SNIGDHA,clear,0,240,12,0,0,0
765,Nilsagar Express,Dhaka (Kamalapur),Chilahati,SNIGDHA,light_rain,0,460,13,6,0,1
740,Upaban Express,Sylhet,Dhaka (Kamalapur),SHULOV,cloudy,2,319,10,21,0,0
719,Paharika Express,Chattogram,Sylhet,AC_S,clear,33,430,14,13,0,1
771,Rangpur Express,Dhaka (Kamalapur),Rangpur,SNIGDHA,cloudy,0,465,12,20,1,0
701,Subarna Express,Dhaka (Kamalapur),Chattogram,S_CHAIR,clear,0,320,4,16,0,0
703,Mohanagar Provati,Dhaka (Kamalapur),Chattogram,S_CHAIR,clear,0,320,9,11,0,0
719,Paharika Express,Chattogram,Sylhet,S_CHAIR,cloudy,75,430,14,15,0,0
722,Mohanagar Express,Chattogram,Dhaka (Kamalapur),SNIGDHA,heavy_rain,0,320,8,0,0,0
777,Haor Express,Dhaka (Kamalapur),Mohanganj,SHULOV,clear,3,280,12,11,0,0
701,Subarna Express,Dhaka (Kamalapur),Chattogram,SHULOV,light_rain,0,320,4,9,1,1
797,Kurigram Express,Dhaka (Kamalapur),Kurigram,S_CHAIR,clear,0,500,15,4,0,1
766,Nilsagar Express,Chilahati,Dhaka (Kamalapur),S_CHAIR,cloudy,0,460,13,15,0,0
719,Paharika Express,Chattogram,Sylhet,SHULOV,cloudy,0,430,14,2,0,0
710,Parabat Express,Sylhet,Dhaka (Kamalapur),SHULOV,cloudy,35,319,11,1,0,0
726,Sundarban Express,Khulna,Dhaka (Kamalapur),S_CHAIR,clear,21,405,11,16,0,1
773,Kalni Express,Dhaka (Kamalapur),Sylhet,SHULOV,cloudy,27,319,8,7,1,1
725,Sundarban Express,Dhaka (Kamalapur),Khulna,SHOVAN,cloudy,0,405,11,5,0,0
765,Nilsagar Express,Dhaka (Kamalapur),Chilahati,SHULOV,clear,0,460,13,0,0,1
702,Subarna Express,Chattogram,Dhaka (Kamalapur),S_CHAIR,cloudy,0,320,4,17,1,0
742,Turna Nishitha,Chattogram,Dhaka (Kamalapur),S_CHAIR,cloudy,0,320,8,11,0,0
750,Egarosindhur Godhuli,Kishoreganj,Dhaka (Kamalapur),S_CHAIR,clear,4,135,8,16,0,0
721,Mohanagar Express,Dhaka (Kamalapur),Chattogram,SHULOV,clear,0,320,8,1,0,0
706,Ekota Express,Panchagarh,Dhaka (Kamalapur),AC_B,clear,0,480,14,7,1,0
740,Upaban Express,Sylhet,Dhaka (Kamalapur),S_CHAIR,clear,0,319,10,19,1,1
813,Cox's Bazar Express,Dhaka (Kamalapur),Cox's Bazar,SHOVAN,light_rain,0,452,6,22,0,1
703,Mohanagar Provati,Dhaka (Kamalapur),Chattogram,AC_S,clear,8,320,9,13,0,1
739,Upaban Express,Dhaka (Kamalapur),Sylhet,AC_B,clear,53,319,10,18,1,0
763,Chitra Express,Dhaka (Kamalapur),Khulna,AC_B,clear,74,405,13,7,1,1
742,Turna Nishitha,Chattogram,Dhaka (Kamalapur),AC_B,clear,6,320,8,17,1,0
754,Silkcity Express,Rajshahi,Dhaka (Kamalapur),S_CHAIR,clear,0,343,9,16,0,0
771,Rangpur Express,Dhaka (Kamalapur),Rangpur,S_CHAIR,clear,40,465,12,7,1,1
764,Chitra Express,Khulna,Dhaka (Kamalapur),AC_B,clear,7,405,13,6,0,0
721,Mohanagar Express,Dhaka (Kamalapur),Chattogram,SNIGDHA,light_rain,0,320,8,8,1,1
723,Udayan Express,Sylhet,Chattogram,S_CHAIR,cloudy,0,430,14,16,0,0
722,Mohanagar Express,Chattogram,Dhaka (Kamalapur),S_CHAIR,light_rain,0,320,8,0,0,0
726,Sundarban Express,Khulna,Dhaka (Kamalapur),SHULOV,clear,5,405,11,9,1,1
717,Joyantika Express,Dhaka (Kamalapur),Sylhet,AC_B,cloudy,4,319,13,1,0,1
753,Silkcity Express,Dhaka (Kamalapur),Rajshahi,SHULOV,light_rain,0,343,9,9,1,0
731,Barendra Express,Rajshahi,Chilahati,SHOVAN,clear,40,320,13,6,0,0
717,Joyantika Express,Dhaka (Kamalapur),Sylhet,AC_S,clear,6,319,13,12,0,0
721,Mohanagar Express,Dhaka (Kamalapur),Chattogram,SNIGDHA,light_rain,10,320,8,21,0,0
741,Turna Nishitha,Dhaka (Kamalapur),Chattogram,SHULOV,light_rain,5,320,8,9,1,1
793,Panchagarh Express,Dhaka (Kamalapur),Panchagarh,S_CHAIR,cloudy,0,480,11,14,0,0
735,Agnibina Express,Dhaka (Kamalapur),Jamalpur,SHULOV,clear,0,240,11,13,0,0
702,Subarna Express,Chattogram,Dhaka (Kamalapur),S_CHAIR,clear,0,320,4,7,1,0
797,Kurigram Express,Dhaka (Kamalapur),Kurigram,SHOVAN,light_rain,12,500,15,4,0,1
715,Kapotaksha Express,Khulna,Rajshahi,SHOVAN,cloudy,0,280,14,20,1,0
717,Joyantika Express,Dhaka (Kamalapur),Sylhet,SHOVAN,cloudy,6,319,13,21,0,0
777,Haor Express,Dhaka (Kamalapur),Mohanganj,AC_S,cloudy,0,280,12,21,0,1
793,Panchagarh Express,Dhaka (Kamalapur),Panchagarh,SNIGDHA,cloudy,1,480,11,3,0,1
722,Mohanagar Express,Chattogram,Dhaka (Kamalapur),SHOVAN,clear,0,320,8,16,0,1
722,Mohanagar Express,Chattogram,Dhaka (Kamalapur),SNIGDHA,clear,18,320,8,8,1,0
743,Brahmaputra Express,Dhaka (Kamalapur),Jamalpur,SHOVAN,clear,0,240,12,23,0,0
727,Rupsha Express,Khulna,Chilahati,SHULOV,cloudy,0,450,16,3,0,0
743,Brahmaputra Express,Dhaka (Kamalapur),Jamalpur,SNIGDHA,clear,25,240,12,4,0,0
765,Nilsagar Express,Dhaka (Kamalapur),Chilahati,S_CHAIR,clear,5,460,13,21,0,1
753,Silkcity Express,Dhaka (Kamalapur),Rajshahi,AC_S,cloudy,31,343,9,11,0,0
815,Parjatak Express,Dhaka (Kamalapur),Cox's Bazar,SNIGDHA,light_rain,0,452,5,20,1,0
765,Nilsagar Express,Dhaka (Kamalapur),Chilahati,SNIGDHA,cloudy,3,460,13,9,1,1
707,Tista Express,Dhaka (Kamalapur),Jamalpur,S_CHAIR,clear,0,240,10,22,0,0
705,Ekota Express,Dhaka (Kamalapur),Panchagarh,SNIGDHA,clear,0,480,14,19,1,1
702,Subarna Express,Chattogram,Dhaka (Kamalapur),SHULOV,clear,62,320,4,15,0,1
731,Barendra Express,Rajshahi,Chilahati,SHULOV,light_rain,16,320,13,13,0,1
739,Upaban Express,Dhaka (Kamalapur),Sylhet,AC_B,clear,0,319,10,20,1,0
719,Paharika Express,Chattogram,Sylhet,AC_B,cloudy,7,430,14,6,0,0
735,Agnibina Express,Dhaka (Kamalapur),Jamalpur,SNIGDHA,clear,0,240,11,6,0,1
743,Brahmaputra Express,Dhaka (Kamalapur),Jamalpur,AC_B,clear,11,240,12,18,1,1
813,Cox's Bazar Express,Dhaka (Kamalapur),Cox's Bazar,SHULOV,cloudy,26,452,6,18,1,1
753,Silkcity Express,Dhaka (Kamalapur),Rajshahi,SHOVAN,light_rain,0,343,9,12,0,0
741,Turna Nishitha,Dhaka (Kamalapur),Chattogram,SHOVAN,clear,0,320,8,17,1,0
717,Joyantika Express,Dhaka (Kamalapur),Sylhet,SNIGDHA,clear,13,319,13,9,1,0
705,Ekota Express,Dhaka (Kamalapur),Panchagarh,SHOVAN,cloudy,0,480,14,3,0,0
739,Upaban Express,Dhaka (Kamalapur),Sylhet,SHULOV,clear,0,319,10,1,0,0
750,Egarosindhur Godhuli,Kishoreganj,Dhaka (Kamalapur),F_CHAIR,light_rain,0,135,8,18,1,0
761,Sagardari Express,Khulna,Rajshahi,F_BERTH,clear,2,280,12,2,0,0
741,Turna Nishitha,Dhaka (Kamalapur),Chattogram,SNIGDHA,cloudy,0,320,8,20,1,0
733,Titumir Express,Rajshahi,Chilahati,F_SEAT,clear,11,320,12,6,0,0
735,Agnibina Express,Dhaka (Kamalapur),Jamalpur,SHULOV,cloudy,0,240,11,12,0,0
791,Banalata Express,Dhaka (Kamalapur),Rajshahi,SHOVAN,clear,8,343,3,11,0,0
788,Sonar Bangla Express,Chattogram,Dhaka (Kamalapur),AC_B,clear,0,320,4,17,1,0
701,Subarna Express,Dhaka (Kamalapur),Chattogram,SHULOV,clear,0,320,4,5,0,0
771,Rangpur Express,Dhaka (Kamalapur),Rangpur,SHULOV,light_rain,0,465,12,21,0,1
739,Upaban Express,Dhaka (Kamalapur),Sylhet,SHOVAN,clear,6,319,10,11,0,0
707,Tista Express,Dhaka (Kamalapur),Jamalpur,AC_S,cloudy,0,240,10,3,0,0
737,Egarosindhur Provati,Dhaka (Kamalapur),Kishoreganj,SHOVAN,cloudy,0,135,8,16,0,0
815,Parjatak Express,Dhaka (Kamalapur),Cox's Bazar,AC_B,clear,3,452,5,20,1,0
702,Subarna Express,Chattogram,Dhaka (Kamalapur),S_CHAIR,light_rain,0,320,4,2,0,0
759,Padma Express,Dhaka (Kamalapur),Rajshahi,S_CHAIR,clear,0,343,9,6,0,0
706,Ekota Express,Panchagarh,Dhaka (Kamalapur),AC_B,cloudy,0,480,14,0,0,0
723,Udayan Express,Sylhet,Chattogram,SNIGDHA,light_rain,0,430,14,23,0,1
791,Banalata Express,Dhaka (Kamalapur),Rajshahi,SHULOV,light_rain,0,343,3,23,0,1
706,Ekota Express,Panchagarh,Dhaka (Kamalapur),S_CHAIR,clear,0,480,14,12,0,0
710,Parabat Express,Sylhet,Dhaka (Kamalapur),AC_S,light_rain,36,319,11,17,1,1
787,Sonar Bangla Express,Dhaka (Kamalapur),Chattogram,SNIGDHA,clear,5,320,4,19,1,0
743,Brahmaputra Express,Dhaka (Kamalapur),Jamalpur,SNIGDHA,light_rain,0,240,12,0,0,0
763,Chitra Express,Dhaka (Kamalapur),Khulna,SHULOV,light_rain,4,405,13,2,0,0
719,Paharika Express,Chattogram,Sylhet,AC_B,clear,19,430,14,4,0,1
797,Kurigram Express,Dhaka (Kamalapur),Kurigram,SHULOV,clear,2,500,15,14,0,1
737,Egarosindhur Provati,Dhaka (Kamalapur),Kishoreganj,F_SEAT,clear,5,135,8,11,0,1
710,Parabat Express,Sylhet,Dhaka (Kamalapur),SNIGDHA,clear,0,319,11,7,1,0
735,Agnibina Express,Dhaka (Kamalapur),Jamalpur,S_CHAIR,clear,0,240,11,19,1,0
769,Dhumketu Express,Dhaka (Kamalapur),Rajshahi,SHULOV,clear,0,343,8,1,0,0
766,Nilsagar Express,Chilahati,Dhaka (Kamalapur),AC_B,clear,4,460,13,23,0,0
753,Silkcity Express,Dhaka (Kamalapur),Rajshahi,AC_S,clear,10,343,9,12,0,0
703,Mohanagar Provati,Dhaka (Kamalapur),Chattogram,AC_S,cloudy,0,320,9,23,0,0
715,Kapotaksha Express,Khulna,Rajshahi,F_BERTH,cloudy,0,280,14,6,0,0
710,Parabat Express,Sylhet,Dhaka (Kamalapur),SNIGDHA,clear,0,319,11,3,0,0
769,Dhumketu Express,Dhaka (Kamalapur),Rajshahi,SNIGDHA,clear,27,343,8,20,1,1
733,Titumir Express,Rajshahi,Chilahati,S_CHAIR,clear,28,320,12,13,0,0
771,Rangpur Express,Dhaka (Kamalapur),Rangpur,SNIGDHA,light_rain,0,465,12,13,0,1
764,Chitra Express,Khulna,Dhaka (Kamalapur),SHULOV,light_rain,0,405,13,5,0,1
757,Drutojan Express,Dhaka (Kamalapur),Panchagarh,SHULOV,heavy_rain,0,480,13,13,0,1
703,Mohanagar Provati,Dhaka (Kamalapur),Chattogram,AC_S,cloudy,0,320,9,4,0,0
737,Egarosindhur Provati,Dhaka (Kamalapur),Kishoreganj,F_CHAIR,clear,6,135,8,23,0,0
753,Silkcity Express,Dhaka (Kamalapur),Rajshahi,S_CHAIR,light_rain,8,343,9,22,0,1
731,Barendra Express,Rajshahi,Chilahati,SHOVAN,light_rain,13,320,13,18,1,1
726,Sundarban Express,Khulna,Dhaka (Kamalapur),S_CHAIR,clear,3,405,11,3,0,0
788,Sonar Bangla Express,Chattogram,Dhaka (Kamalapur),SNIGDHA,cloudy,29,320,4,13,0,1
761,Sagardari Express,Khulna,Rajshahi,F_SEAT,heavy_rain,0,280,12,18,1,1
753,Silkcity Express,Dhaka (Kamalapur),Rajshahi,SNIGDHA,clear,0,343,9,5,0,0
771,Rangpur Express,Dhaka (Kamalapur),Rangpur,AC_B,light_rain,0,465,12,16,0,1
787,Sonar Bangla Express,Dhaka (Kamalapur),Chattogram,SNIGDHA,cloudy,11,320,4,0,0,0
765,Nilsagar Express,Dhaka (Kamalapur),Chilahati,S_CHAIR,cloudy,0,460,13,3,0,0
722,Mohanagar Express,Chattogram,Dhaka (Kamalapur),S_CHAIR,light_rain,19,320,8,8,1,1
753,Silkcity Express,Dhaka (Kamalapur),Rajshahi,AC_B,cloudy,0,343,9,10,0,0
795,Benapole Express,Dhaka (Kamalapur),Benapole,SHULOV,light_rain,0,420,7,22,0,1
757,Drutojan Express,Dhaka (Kamalapur),Panchagarh,SHULOV,light_rain,0,480,13,12,0,1
814,Cox's Bazar Express,Cox's Bazar,Dhaka (Kamalapur),SNIGDHA,cloudy,0,452,6,4,0,0
705,Ekota Express,Dhaka (Kamalapur),Panchagarh,SHULOV,cloudy,0,480,14,19,1,1
769,Dhumketu Express,Dhaka (Kamalapur),Rajshahi,SHULOV,clear,7,343,8,15,0,0
773,Kalni Express,Dhaka (Kamalapur),Sylhet,AC_S,light_rain,8,319,8,19,1,1
721,Mohanagar Express,Dhaka (Kamalapur),Chattogram,AC_S,clear,0,320,8,21,0,0
719,Paharika Express,Chattogram,Sylhet,SHULOV,clear,15,430,14,15,0,0
702,Subarna Express,Chattogram,Dhaka (Kamalapur),SNIGDHA,clear,4,320,4,10,0,0
760,Padma Express,Rajshahi,Dhaka (Kamalapur),S_CHAIR,clear,0,343,9,7,1,0
773,Kalni Express,Dhaka (Kamalapur),Sylhet,S_CHAIR,clear,0,319,8,20,1,0
797,Kurigram Express,Dhaka (Kamalapur),Kurigram,F_CHAIR,clear,0,500,15,12,0,0
753,Silkcity Express,Dhaka (Kamalapur),Rajshahi,SHOVAN,clear,0,343,9,6,0,0
760,Padma Express,Rajshahi,Dhaka (Kamalapur),SHULOV,clear,0,343,9,17,1,0
787,Sonar Bangla Express,Dhaka (Kamalapur),Chattogram,AC_B,light_rain,0,320,4,15,0,1
702,Subarna Express,Chattogram,Dhaka (Kamalapur),AC_S,cloudy,4,320,4,12,0,1
727,Rupsha Express,Khulna,Chilahati,F_CHAIR,light_rain,2,450,16,23,0,1
706,Ekota Express,Panchagarh,Dhaka (Kamalapur),SHOVAN,light_rain,0,480,14,19,1,0
791,Banalata Express,Dhaka (Kamalapur),Rajshahi,SHOVAN,cloudy,0,343,3,8,1,0
759,Padma Express,Dhaka (Kamalapur),Rajshahi,SNIGDHA,clear,0,343,9,9,1,0
710,Parabat Express,Sylhet,Dhaka (Kamalapur),S_CHAIR,clear,8,319,11,22,0,0
702,Subarna Express,Chattogram,Dhaka (Kamalapur),S_CHAIR,light_rain,8,320,4,20,1,1
793,Panchagarh Express,Dhaka (Kamalapur),Panchagarh,AC_B,clear,86,480,11,18,1,1
797,Kurigram Express,Dhaka (Kamalapur),Kurigram,S_CHAIR,cloudy,10,500,15,8,1,0
742,Turna Nishitha,Chattogram,Dhaka (Kamalapur),AC_B,clear,30,320,8,8,1,0
733,Titumir Express,Rajshahi,Chilahati,S_CHAIR,cloudy,0,320,12,15,0,0
750,Egarosindhur Godhuli,Kishoreganj,Dhaka (Kamalapur),F_BERTH,light_rain,0,135,8,0,0,0
802,Chattala Express,Dhaka (Kamalapur),Chattogram,AC_S,clear,0,320,12,5,0,0
741,Turna Nishitha,Dhaka (Kamalapur),Chattogram,SHULOV,light_rain,0,320,8,13,0,0
735,Agnibina Express,Dhaka (Kamalapur),Jamalpur,SNIGDHA,cloudy,10,240,11,4,0,0
715,Kapotaksha Express,Khulna,Rajshahi,SHOVAN,heavy_rain,0,280,14,14,0,1
727,Rupsha Express,Khulna,Chilahati,SHULOV,heavy_rain,3,450,16,15,0,1
742,Turna Nishitha,Chattogram,Dhaka (Kamalapur),S_CHAIR,clear,0,320,8,22,0,0
721,Mohanagar Express,Dhaka (Kamalapur),Chattogram,AC_B,cloudy,0,320,8,17,1,0
701,Subarna Express,Dhaka (Kamalapur),Chattogram,AC_S,clear,0,320,4,19,1,0
757,Drutojan Express,Dhaka (Kamalapur),Panchagarh,SHOVAN,cloudy,0,480,13,23,0,1
765,Nilsagar Express,Dhaka (Kamalapur),Chilahati,AC_B,clear,9,460,13,10,0,0
771,Rangpur Express,Dhaka (Kamalapur),Rangpur,SNIGDHA,heavy_rain,0,465,12,7,1,1
715,Kapotaksha Express,Khulna,Rajshahi,SHOVAN,clear,0,280,14,2,0,1
795,Benapole Express,Dhaka (Kamalapur),Benapole,S_CHAIR,clear,0,420,7,3,0,0
731,Barendra Express,Rajshahi,Chilahati,S_CHAIR,cloudy,0,320,13,16,0,0
815,Parjatak Express,Dhaka (Kamalapur),Cox's Bazar,AC_S,heavy_rain,0,452,5,14,0,0
735,Agnibina Express,Dhaka (Kamalapur),Jamalpur,AC_B,cloudy,0,240,11,11,0,0
753,Silkcity Express,Dhaka (Kamalapur),Rajshahi,SHULOV,clear,87,343,9,6,0,1
727,Rupsha Express,Khulna,Chilahati,F_BERTH,clear,0,450,16,9,1,0
739,Upaban Express,Dhaka (Kamalapur),Sylhet,SHOVAN,light_rain,10,319,10,20,1,1
777,Haor Express,Dhaka (Kamalapur),Mohanganj,SHULOV,clear,0,280,12,22,0,0
793,Panchagarh Express,Dhaka (Kamalapur),Panchagarh,S_CHAIR,cloudy,0,480,11,11,0,0
742,Turna Nishitha,Chattogram,Dhaka (Kamalapur),SHULOV,cloudy,13,320,8,3,0,0
788,Sonar Bangla Express,Chattogram,Dhaka (Kamalapur),AC_S,clear,0,320,4,19,1,0
735,Agnibina Express,Dhaka (Kamalapur),Jamalpur,SNIGDHA,light_rain,77,240,11,16,0,1
769,Dhumketu Express,Dhaka (Kamalapur),Rajshahi,SHULOV,cloudy,2,343,8,4,0,1
725,Sundarban Express,Dhaka (Kamalapur),Khulna,AC_B,clear,0,405,11,23,0,0
773,Kalni Express,Dhaka (Kamalapur),Sylhet,SNIGDHA,cloudy,2,319,8,22,0,0
704,Mohanagar Godhuli,Chattogram,Dhaka (Kamalapur),AC_B,light_rain,0,320,9,20,1,0
733,Titumir Express,Rajshahi,Chilahati,F_BERTH,clear,25,320,12,7,1,0
814,Cox's Bazar Express,Cox's Bazar,Dhaka (Kamalapur),SHULOV,light_rain,0,452,6,9,1,1
719,Paharika Express,Chattogram,Sylhet,S_CHAIR,clear,0,430,14,9,1,0
704,Mohanagar Godhuli,Chattogram,Dhaka (Kamalapur),S_CHAIR,clear,6,320,9,14,0,0
802,Chattala Express,Dhaka (Kamalapur),Chattogram,AC_B,heavy_rain,0,320,12,6,0,1
707,Tista Express,Dhaka (Kamalapur),Jamalpur,SHULOV,light_rain,75,240,10,17,1,1
704,Mohanagar Godhuli,Chattogram,Dhaka (Kamalapur),SHOVAN,light_rain,0,320,9,3,0,0
763,Chitra Express,Dhaka (Kamalapur),Khulna,AC_S,cloudy,0,405,13,18,1,0
721,Mohanagar Express,Dhaka (Kamalapur),Chattogram,SHULOV,clear,0,320,8,10,0,1
753,Silkcity Express,Dhaka (Kamalapur),Rajshahi,SNIGDHA,clear,0,343,9,19,1,0
791,Banalata Express,Dhaka (Kamalapur),Rajshahi,SHULOV,clear,0,343,3,10,0,0
787,Sonar Bangla Express,Dhaka (Kamalapur),Chattogram,AC_B,light_rain,0,320,4,8,1,1
702,Subarna Express,Chattogram,Dhaka (Kamalapur),AC_S,cloudy,75,320,4,6,0,1
741,Turna Nishitha,Dhaka (Kamalapur),Chattogram,AC_S,cloudy,13,320,8,4,0,0
802,Chattala Express,Dhaka (Kamalapur),Chattogram,S_CHAIR,clear,0,320,12,9,1,0
815,Parjatak Express,Dhaka (Kamalapur),Cox's Bazar,S_CHAIR,clear,4,452,5,11,0,0
721,Mohanagar Express,Dhaka (Kamalapur),Chattogram,S_CHAIR,cloudy,0,320,8,12,0,0
761,Sagardari Express,Khulna,Rajshahi,F_BERTH,clear,15,280,12,9,1,0
791,Banalata Express,Dhaka (Kamalapur),Rajshahi,SHOVAN,clear,2,343,3,18,1,0
813,Cox's Bazar Express,Dhaka (Kamalapur),Cox's Bazar,AC_S,clear,0,452,6,19,1,0
707,Tista Express,Dhaka (Kamalapur),Jamalpur,AC_S,clear,0,240,10,2,0,0
791,Banalata Express,Dhaka (Kamalapur),Rajshahi,AC_S,clear,0,343,3,13,0,0
705,Ekota Express,Dhaka (Kamalapur),Panchagarh,AC_B,cloudy,2,480,14,20,1,0
701,Subarna Express,Dhaka (Kamalapur),Chattogram,AC_S,clear,10,320,4,0,0,0
760,Padma Express,Rajshahi,Dhaka (Kamalapur),S_CHAIR,light_rain,5,343,9,3,0,0
725,Sundarban Express,Dhaka (Kamalapur),Khulna,SHOVAN,clear,0,405,11,11,0,0
791,Banalata Express,Dhaka (Kamalapur),Rajshahi,SHOVAN,light_rain,0,343,3,22,0,1
797,Kurigram Express,Dhaka (Kamalapur),Kurigram,SHULOV,light_rain,0,500,15,3,0,1
788,Sonar Bangla Express,Chattogram,Dhaka (Kamalapur),SNIGDHA,cloudy,5,320,4,0,0,1
753,Silkcity Express,Dhaka (Kamalapur),Rajshahi,S_CHAIR,clear,0,343,9,3,0,1
727,Rupsha Express,Khulna,Chilahati,S_CHAIR,clear,0,450,16,4,0,0
740,Upaban Express,Sylhet,Dhaka (Kamalapur),SNIGDHA,heavy_rain,18,319,10,23,0,1
787,Sonar Bangla Express,Dhaka (Kamalapur),Chattogram,AC_B,clear,69,320,4,20,1,1
795,Benapole Express,Dhaka (Kamalapur),Benapole,SHULOV,clear,0,420,7,23,0,0
704,Mohanagar Godhuli,Chattogram,Dhaka (Kamalapur),S_CHAIR,heavy_rain,47,320,9,19,1,1
710,Parabat Express,Sylhet,Dhaka (Kamalapur),SHULOV,light_rain,0,319,11,13,0,0
813,Cox's Bazar Express,Dhaka (Kamalapur),Cox's Bazar,SNIGDHA,cloudy,30,452,6,21,0,1
815,Parjatak Express,Dhaka (Kamalapur),Cox's Bazar,AC_B,light_rain,0,452,5,20,1,1
702,Subarna Express,Chattogram,Dhaka (Kamalapur),SHULOV,clear,2,320,4,19,1,0
793,Panchagarh Express,Dhaka (Kamalapur),Panchagarh,SHOVAN,clear,7,480,11,10,0,0
725,Sundarban Express,Dhaka (Kamalapur),Khulna,AC_S,cloudy,8,405,11,21,0,0
743,Brahmaputra Express,Dhaka (Kamalapur),Jamalpur,SHOVAN,heavy_rain,0,240,12,23,0,1
717,Joyantika Express,Dhaka (Kamalapur),Sylhet,SNIGDHA,cloudy,8,319,13,5,0,0
769,Dhumketu Express,Dhaka (Kamalapur),Rajshahi,AC_B,light_rain,0,343,8,7,1,0
759,Padma Express,Dhaka (Kamalapur),Rajshahi,SHOVAN,heavy_rain,0,343,9,3,0,1
802,Chattala Express,Dhaka (Kamalapur),Chattogram,SHULOV,heavy_rain,9,320,12,13,0,1
731,Barendra Express,Rajshahi,Chilahati,F_CHAIR,cloudy,0,320,13,7,1,0
726,Sundarban Express,Khulna,Dhaka (Kamalapur),SNIGDHA,light_rain,16,405,11,12,0,1
723,Udayan Express,Sylhet,Chattogram,S_CHAIR,cloudy,2,430,14,13,0,0
797,Kurigram Express,Dhaka (Kamalapur),Kurigram,F_SEAT,clear,10,500,15,23,0,1
797,Kurigram Express,Dhaka (Kamalapur),Kurigram,F_SEAT,clear,0,500,15,19,1,0
757,Drutojan Express,Dhaka (Kamalapur),Panchagarh,SHOVAN,light_rain,3,480,13,7,1,0
814,Cox's Bazar Express,Cox's Bazar,Dhaka (Kamalapur),SNIGDHA,clear,2,452,6,14,0,0
710,Parabat Express,Sylhet,Dhaka (Kamalapur),AC_S,heavy_rain,9,319,11,10,0,0
710,Parabat Express,Sylhet,Dhaka (Kamalapur),S_CHAIR,cloudy,0,319,11,21,0,0
763,Chitra Express,Dhaka (Kamalapur),Khulna,S_CHAIR,clear,7,405,13,3,0,0
706,Ekota Express,Panchagarh,Dhaka (Kamalapur),SHULOV,clear,12,480,14,23,0,1
737,Egarosindhur Provati,Dhaka (Kamalapur),Kishoreganj,SHOVAN,cloudy,0,135,8,4,0,0
766,Nilsagar Express,Chilahati,Dhaka (Kamalapur),AC_B,cloudy,0,460,13,7,1,1
721,Mohanagar Express,Dhaka (Kamalapur),Chattogram,SNIGDHA,cloudy,2,320,8,7,1,0
777,Haor Express,Dhaka (Kamalapur),Mohanganj,S_CHAIR,clear,0,280,12,1,0,1
717,Joyantika Express,Dhaka (Kamalapur),Sylhet,AC_B,clear,6,319,13,9,1,1
793,Panchagarh Express,Dhaka (Kamalapur),Panchagarh,SNIGDHA,cloudy,8,480,11,22,0,0
759,Padma Express,Dhaka (Kamalapur),Rajshahi,SNIGDHA,cloudy,0,343,9,18,1,0
795,Benapole Express,Dhaka (Kamalapur),Benapole,SHULOV,light_rain,9,420,7,5,0,0
766,Nilsagar Express,Chilahati,Dhaka (Kamalapur),SHOVAN,clear,86,460,13,20,1,1
813,Cox's Bazar Express,Dhaka (Kamalapur),Cox's Bazar,S_CHAIR,light_rain,0,452,6,6,0,1
731,Barendra Express,Rajshahi,Chilahati,SHULOV,light_rain,0,320,13,20,1,0
733,Titumir Express,Rajshahi,Chilahati,SHOVAN,light_rain,0,320,12,20,1,1
703,Mohanagar Provati,Dhaka (Kamalapur),Chattogram,SNIGDHA,cloudy,0,320,9,1,0,0
710,Parabat Express,Sylhet,Dhaka (Kamalapur),SNIGDHA,light_rain,3,319,11,14,0,0
740,Upaban Express,Sylhet,Dhaka (Kamalapur),SHOVAN,clear,13,319,10,16,0,1
710,Parabat Express,Sylhet,Dhaka (Kamalapur),SHOVAN,light_rain,0,319,11,1,0,0
814,Cox's Bazar Express,Cox's Bazar,Dhaka (Kamalapur),S_CHAIR,clear,0,452,6,18,1,0
765,Nilsagar Express,Dhaka (Kamalapur),Chilahati,AC_B,cloudy,2,460,13,18,1,0
726,Sundarban Express,Khulna,Dhaka (Kamalapur),AC_B,clear,0,405,11,5,0,0
717,Joyantika Express,Dhaka (Kamalapur),Sylhet,SHULOV,clear,0,319,13,17,1,0
722,Mohanagar Express,Chattogram,Dhaka (Kamalapur),AC_S,cloudy,0,320,8,5,0,0
773,Kalni Express,Dhaka (Kamalapur),Sylhet,AC_B,light_rain,8,319,8,5,0,1
709,Parabat Express,Dhaka (Kamalapur),Sylhet,AC_S,clear,0,319,11,3,0,0
815,Parjatak Express,Dhaka (Kamalapur),Cox's Bazar,SHOVAN,cloudy,6,452,5,5,0,0
802,Chattala Express,Dhaka (Kamalapur),Chattogram,SNIGDHA,heavy_rain,0,320,12,23,0,0
763,Chitra Express,Dhaka (Kamalapur),Khulna,SNIGDHA,clear,0,405,13,23,0,0
765,Nilsagar Express,Dhaka (Kamalapur),Chilahati,S_CHAIR,light_rain,34,460,13,11,0,1
726,Sundarban Express,Khulna,Dhaka (Kamalapur),SNIGDHA,clear,4,405,11,9,1,1
791,Banalata Express,Dhaka (Kamalapur),Rajshahi,S_CHAIR,clear,0,343,3,16,0,0
703,Mohanagar Provati,Dhaka (Kamalapur),Chattogram,AC_S,clear,61,320,9,1,0,1
737,Egarosindhur Provati,Dhaka (Kamalapur),Kishoreganj,S_CHAIR,clear,0,135,8,1,0,0
754,Silkcity Express,Rajshahi,Dhaka (Kamalapur),S_CHAIR,light_rain,26,343,9,2,0,0
769,Dhumketu Express,Dhaka (Kamalapur),Rajshahi,AC_S,light_rain,0,343,8,2,0,1
706,Ekota Express,Panchagarh,Dhaka (Kamalapur),SHULOV,clear,0,480,14,2,0,0
727,Rupsha Express,Khulna,Chilahati,F_CHAIR,heavy_rain,25,450,16,5,0,1
754,Silkcity Express,Rajshahi,Dhaka (Kamalapur),SNIGDHA,clear,5,343,9,0,0,0
791,Banalata Express,Dhaka (Kamalapur),Rajshahi,S_CHAIR,light_rain,27,343,3,16,0,1
787,Sonar Bangla Express,Dhaka (Kamalapur),Chattogram,SNIGDHA,light_rain,0,320,4,10,0,0
765,Nilsagar Express,Dhaka (Kamalapur),Chilahati,AC_B,heavy_rain,28,460,13,2,0,1
707,Tista Express,Dhaka (Kamalapur),Jamalpur,AC_S,light_rain,0,240,10,23,0,1
813,Cox's Bazar Express,Dhaka (Kamalapur),Cox's Bazar,SHULOV,cloudy,8,452,6,13,0,0
717,Joyantika Express,Dhaka (Kamalapur),Sylhet,AC_B,cloudy,0,319,13,13,0,0
766,Nilsagar Express,Chilahati,Dhaka (Kamalapur),SHULOV,light_rain,9,460,13,18,1,0
737,Egarosindhur Provati,Dhaka (Kamalapur),Kishoreganj,SHOVAN,clear,0,135,8,0,0,0
787,Sonar Bangla Express,Dhaka (Kamalapur),Chattogram,AC_B,cloudy,0,320,4,7,1,1
802,Chattala Express,Dhaka (Kamalapur),Chattogram,S_CHAIR,heavy_rain,0,320,12,4,0,0
722,Mohanagar Express,Chattogram,Dhaka (Kamalapur),S_CHAIR,clear,0,320,8,12,0,0
766,Nilsagar Express,Chilahati,Dhaka (Kamalapur),AC_B,clear,3,460,13,16,0,0
722,Mohanagar Express,Chattogram,Dhaka (Kamalapur),S_CHAIR,cloudy,0,320,8,2,0,0
739,Upaban Express,Dhaka (Kamalapur),Sylhet,SHOVAN,clear,0,319,10,13,0,0
753,Silkcity Express,Dhaka (Kamalapur),Rajshahi,SNIGDHA,heavy_rain,2,343,9,7,1,1
707,Tista Express,Dhaka (Kamalapur),Jamalpur,S_CHAIR,light_rain,1,240,10,10,0,0
813,Cox's Bazar Express,Dhaka (Kamalapur),Cox's Bazar,SHOVAN,clear,9,452,6,1,0,0
727,Rupsha Express,Khulna,Chilahati,SHULOV,clear,0,450,16,5,0,0
742,Turna Nishitha,Chattogram,Dhaka (Kamalapur),SHULOV,light_rain,87,320,8,5,0,1
760,Padma Express,Rajshahi,Dhaka (Kamalapur),SHULOV,clear,0,343,9,0,0,0
787,Sonar Bangla Express,Dhaka (Kamalapur),Chattogram,SNIGDHA,light_rain,0,320,4,19,1,1
721,Mohanagar Express,Dhaka (Kamalapur),Chattogram,AC_B,clear,57,320,8,3,0,1
769,Dhumketu Express,Dhaka (Kamalapur),Rajshahi,SHOVAN,clear,0,343,8,8,1,0
754,Silkcity Express,Rajshahi,Dhaka (Kamalapur),SHOVAN,cloudy,2,343,9,18,1,1
741,Turna Nishitha,Dhaka (Kamalapur),Chattogram,AC_S,clear,0,320,8,19,1,0
813,Cox's Bazar Express,Dhaka (Kamalapur),Cox's Bazar,SHULOV,cloudy,6,452,6,16,0,0
761,Sagardari Express,Khulna,Rajshahi,F_SEAT,clear,6,280,12,1,0,0
793,Panchagarh Express,Dhaka (Kamalapur),Panchagarh,AC_B,light_rain,3,480,11,7,1,1
765,Nilsagar Express,Dhaka (Kamalapur),Chilahati,S_CHAIR,cloudy,17,460,13,18,1,0
726,Sundarban Express,Khulna,Dhaka (Kamalapur),SHOVAN,clear,0,405,11,16,0,0
813,Cox's Bazar Express,Dhaka (Kamalapur),Cox's Bazar,SNIGDHA,clear,8,452,6,21,0,0
739,Upaban Express,Dhaka (Kamalapur),Sylhet,AC_B,light_rain,0,319,10,7,1,0
722,Mohanagar Express,Chattogram,Dhaka (Kamalapur),SHOVAN,cloudy,0,320,8,17,1,1
795,Benapole Express,Dhaka (Kamalapur),Benapole,AC_S,clear,17,420,7,7,1,1
727,Rupsha Express,Khulna,Chilahati,F_CHAIR,cloudy,0,450,16,1,0,0
709,Parabat Express,Dhaka (Kamalapur),Sylhet,SHULOV,heavy_rain,0,319,11,21,0,1
797,Kurigram Express,Dhaka (Kamalapur),Kurigram,F_SEAT,light_rain,0,500,15,6,0,0
760,Padma Express,Rajshahi,Dhaka (Kamalapur),SNIGDHA,clear,0,343,9,10,0,0
701,Subarna Express,Dhaka (Kamalapur),Chattogram,AC_B,clear,44,320,4,19,1,1
761,Sagardari Express,Khulna,Rajshahi,S_CHAIR,clear,79,280,12,7,1,1
769,Dhumketu Express,Dhaka (Kamalapur),Rajshahi,S_CHAIR,cloudy,0,343,8,8,1,0
750,Egarosindhur Godhuli,Kishoreganj,Dhaka (Kamalapur),SHULOV,cloudy,0,135,8,8,1,1
722,Mohanagar Express,Chattogram,Dhaka (Kamalapur),SHOVAN,clear,0,320,8,14,0,0
727,Rupsha Express,Khulna,Chilahati,SHOVAN,cloudy,0,450,16,1,0,0
722,Mohanagar Express,Chattogram,Dhaka (Kamalapur),SHULOV,cloudy,10,320,8,15,0,1
721,Mohanagar Express,Dhaka (Kamalapur),Chattogram,AC_B,heavy_rain,0,320,8,21,0,1
791,Banalata Express,Dhaka (Kamalapur),Rajshahi,S_CHAIR,clear,2,343,3,8,1,0
723,Udayan Express,Sylhet,Chattogram,S_CHAIR,cloudy,0,430,14,22,0,0
764,Chitra Express,Khulna,Dhaka (Kamalapur),AC_S,cloudy,14,405,13,15,0,0
759,Padma Express,Dhaka (Kamalapur),Rajshahi,SHOVAN,cloudy,0,343,9,20,1,0
722,Mohanagar Express,Chattogram,Dhaka (Kamalapur),AC_S,clear,0,320,8,23,0,0
725,Sundarban Express,Dhaka (Kamalapur),Khulna,S_CHAIR,cloudy,12,405,11,20,1,1
702,Subarna Express,Chattogram,Dhaka (Kamalapur),AC_S,cloudy,0,320,4,13,0,0
739,Upaban Express,Dhaka (Kamalapur),Sylhet,SNIGDHA,light_rain,0,319,10,1,0,0
793,Panchagarh Express,Dhaka (Kamalapur),Panchagarh,SNIGDHA,light_rain,17,480,11,17,1,1
761,Sagardari Express,Khulna,Rajshahi,F_CHAIR,light_rain,0,280,12,11,0,0
709,Parabat Express,Dhaka (Kamalapur),Sylhet,SNIGDHA,light_rain,0,319,11,19,1,1
759,Padma Express,Dhaka (Kamalapur),Rajshahi,AC_S,clear,22,343,9,11,0,0
719,Paharika Express,Chattogram,Sylhet,AC_B,clear,0,430,14,20,1,0
706,Ekota Express,Panchagarh,Dhaka (Kamalapur),AC_S,clear,0,480,14,19,1,0
739,Upaban Express,Dhaka (Kamalapur),Sylhet,AC_S,cloudy,0,319,10,12,0,0
715,Kapotaksha Express,Khulna,Rajshahi,F_CHAIR,cloudy,0,280,14,1,0,0
740,Upaban Express,Sylhet,Dhaka (Kamalapur),AC_B,cloudy,0,319,10,20,1,1
717,Joyantika Express,Dhaka (Kamalapur),Sylhet,AC_S,heavy_rain,0,319,13,17,1,1
769,Dhumketu Express,Dhaka (Kamalapur),Rajshahi,AC_S,light_rain,10,343,8,12,0,0
754,Silkcity Express,Rajshahi,Dhaka (Kamalapur),SNIGDHA,clear,0,343,9,2,0,1
777,Haor Express,Dhaka (Kamalapur),Mohanganj,AC_S,light_rain,37,280,12,16,0,1
721,Mohanagar Express,Dhaka (Kamalapur),Chattogram,SHOVAN,clear,83,320,8,14,0,0
726,Sundarban Express,Khulna,Dhaka (Kamalapur),SHOVAN,clear,35,405,11,5,0,1
707,Tista Express,Dhaka (Kamalapur),Jamalpur,AC_B,light_rain,8,240,10,2,0,1
739,Upaban Express,Dhaka (Kamalapur),Sylhet,SHULOV,clear,10,319,10,4,0,1
725,Sundarban Express,Dhaka (Kamalapur),Khulna,SNIGDHA,cloudy,5,405,11,16,0,1
706,Ekota Express,Panchagarh,Dhaka (Kamalapur),SHULOV,cloudy,1,480,14,11,0,0
703,Mohanagar Provati,Dhaka (Kamalapur),Chattogram,SHOVAN,clear,0,320,9,19,1,0
813,Cox's Bazar Express,Dhaka (Kamalapur),Cox's Bazar,AC_B,cloudy,0,452,6,12,0,0
759,Padma Express,Dhaka (Kamalapur),Rajshahi,S_CHAIR,clear,0,343,9,3,0,0
791,Banalata Express,Dhaka (Kamalapur),Rajshahi,SNIGDHA,cloudy,0,343,3,11,0,0
723,Udayan Express,Sylhet,Chattogram,S_CHAIR,light_rain,19,430,14,1,0,1
754,Silkcity Express,Rajshahi,Dhaka (Kamalapur),AC_B,clear,0,343,9,9,1,0
765,Nilsagar Express,Dhaka (Kamalapur),Chilahati,SNIGDHA,light_rain,3,460,13,5,0,0
721,Mohanagar Express,Dhaka (Kamalapur),Chattogram,SHULOV,light_rain,0,320,8,14,0,0
813,Cox's Bazar Express,Dhaka (Kamalapur),Cox's Bazar,SHOVAN,clear,0,452,6,17,1,0
722,Mohanagar Express,Chattogram,Dhaka (Kamalapur),SNIGDHA,heavy_rain,0,320,8,16,0,1
814,Cox's Bazar Express,Cox's Bazar,Dhaka (Kamalapur),SHOVAN,clear,60,452,6,17,1,1
722,Mohanagar Express,Chattogram,Dhaka (Kamalapur),SHULOV,cloudy,0,320,8,15,0,0
753,Silkcity Express,Dhaka (Kamalapur),Rajshahi,AC_B,light_rain,29,343,9,2,0,1
705,Ekota Express,Dhaka (Kamalapur),Panchagarh,SHOVAN,cloudy,9,480,14,20,1,1
725,Sundarban Express,Dhaka (Kamalapur),Khulna,AC_S,clear,0,405,11,15,0,1
757,Drutojan Express,Dhaka (Kamalapur),Panchagarh,S_CHAIR,cloudy,26,480,13,21,0,1
787,Sonar Bangla Express,Dhaka (Kamalapur),Chattogram,AC_B,heavy_rain,29,320,4,17,1,1
788,Sonar Bangla Express,Chattogram,Dhaka (Kamalapur),SNIGDHA,clear,0,320,4,17,1,0
791,Banalata Express,Dhaka (Kamalapur),Rajshahi,SHULOV,cloudy,3,343,3,1,0,1
813,Cox's Bazar Express,Dhaka (Kamalapur),Cox's Bazar,AC_S,cloudy,0,452,6,20,1,1
759,Padma Express,Dhaka (Kamalapur),Rajshahi,AC_S,light_rain,20,343,9,21,0,0
813,Cox's Bazar Express,Dhaka (Kamalapur),Cox's Bazar,S_CHAIR,light_rain,0,452,6,19,1,0
791,Banalata Express,Dhaka (Kamalapur),Rajshahi,SHULOV,cloudy,5,343,3,8,1,1
769,Dhumketu Express,Dhaka (Kamalapur),Rajshahi,S_CHAIR,clear,4,343,8,20,1,1
731,Barendra Express,Rajshahi,Chilahati,S_CHAIR,clear,0,320,13,5,0,0
813,Cox's Bazar Express,Dhaka (Kamalapur),Cox's Bazar,SHOVAN,clear,0,452,6,9,1,1
761,Sagardari Express,Khulna,Rajshahi,F_BERTH,clear,13,280,12,6,0,0
763,Chitra Express,Dhaka (Kamalapur),Khulna,S_CHAIR,clear,0,405,13,2,0,0
710,Parabat Express,Sylhet,Dhaka (Kamalapur),S_CHAIR,cloudy,8,319,11,1,0,0
814,Cox's Bazar Express,Cox's Bazar,Dhaka (Kamalapur),AC_S,cloudy,31,452,6,10,0,1
813,Cox's Bazar Express,Dhaka (Kamalapur),Cox's Bazar,SNIGDHA,cloudy,0,452,6,9,1,1
793,Panchagarh Express,Dhaka (Kamalapur),Panchagarh,AC_S,clear,0,480,11,7,1,0
802,Chattala Express,Dhaka (Kamalapur),Chattogram,AC_S,cloudy,6,320,12,13,0,1
750,Egarosindhur Godhuli,Kishoreganj,Dhaka (Kamalapur),F_SEAT,cloudy,0,135,8,3,0,1
701,Subarna Express,Dhaka (Kamalapur),Chattogram,SHOVAN,clear,29,320,4,20,1,1
702,Subarna Express,Chattogram,Dhaka (Kamalapur),SHULOV,light_rain,0,320,4,21,0,0
727,Rupsha Express,Khulna,Chilahati,F_SEAT,cloudy,53,450,16,20,1,0
742,Turna Nishitha,Chattogram,Dhaka (Kamalapur),S_CHAIR,cloudy,0,320,8,23,0,0
739,Upaban Express,Dhaka (Kamalapur),Sylhet,AC_S,clear,0,319,10,1,0,0
706,Ekota Express,Panchagarh,Dhaka (Kamalapur),AC_S,heavy_rain,44,480,14,13,0,1
725,Sundarban Express,Dhaka (Kamalapur),Khulna,S_CHAIR,heavy_rain,0,405,11,12,0,1
710,Parabat Express,Sylhet,Dhaka (Kamalapur),AC_S,cloudy,10,319,11,19,1,0
761,Sagardari Express,Khulna,Rajshahi,S_CHAIR,clear,0,280,12,3,0,0
731,Barendra Express,Rajshahi,Chilahati,SHOVAN,clear,4,320,13,5,0,0
791,Banalata Express,Dhaka (Kamalapur),Rajshahi,AC_S,heavy_rain,1,343,3,5,0,0
765,Nilsagar Express,Dhaka (Kamalapur),Chilahati,AC_S,cloudy,0,460,13,14,0,0
761,Sagardari Express,Khulna,Rajshahi,S_CHAIR,clear,10,280,12,1,0,0
704,Mohanagar Godhuli,Chattogram,Dhaka (Kamalapur),AC_B,clear,0,320,9,11,0,0
815,Parjatak Express,Dhaka (Kamalapur),Cox's Bazar,SNIGDHA,light_rain,0,452,5,14,0,0
717,Joyantika Express,Dhaka (Kamalapur),Sylhet,SNIGDHA,clear,16,319,13,5,0,0
797,Kurigram Express,Dhaka (Kamalapur),Kurigram,S_CHAIR,clear,75,500,15,22,0,1
722,Mohanagar Express,Chattogram,Dhaka (Kamalapur),SHULOV,heavy_rain,0,320,8,12,0,1
731,Barendra Express,Rajshahi,Chilahati,F_BERTH,cloudy,6,320,13,14,0,0
743,Brahmaputra Express,Dhaka (Kamalapur),Jamalpur,SHOVAN,clear,0,240,12,5,0,0
760,Padma Express,Rajshahi,Dhaka (Kamalapur),AC_S,clear,4,343,9,2,0,0
764,Chitra Express,Khulna,Dhaka (Kamalapur),AC_B,cloudy,0,405,13,8,1,0
705,Ekota Express,Dhaka (Kamalapur),Panchagarh,AC_B,cloudy,0,480,14,9,1,0
723,Udayan Express,Sylhet,Chattogram,AC_B,clear,8,430,14,4,0,0
701,Subarna Express,Dhaka (Kamalapur),Chattogram,SHULOV,cloudy,23,320,4,12,0,0
740,Upaban Express,Sylhet,Dhaka (Kamalapur),SHULOV,clear,85,319,10,13,0,1
753,Silkcity Express,Dhaka (Kamalapur),Rajshahi,SHULOV,clear,0,343,9,14,0,1
743,Brahmaputra Express,Dhaka (Kamalapur),Jamalpur,SNIGDHA,light_rain,0,240,12,3,0,1
703,Mohanagar Provati,Dhaka (Kamalapur),Chattogram,AC_S,cloudy,0,320,9,23,0,0
797,Kurigram Express,Dhaka (Kamalapur),Kurigram,F_BERTH,clear,8,500,15,19,1,0
814,Cox's Bazar Express,Cox's Bazar,Dhaka (Kamalapur),SHULOV,light_rain,76,452,6,0,0,1
815,Parjatak Express,Dhaka (Kamalapur),Cox's Bazar,AC_B,cloudy,0,452,5,15,0,0
764,Chitra Express,Khulna,Dhaka (Kamalapur),SHOVAN,cloudy,8,405,13,1,0,0
704,Mohanagar Godhuli,Chattogram,Dhaka (Kamalapur),AC_S,heavy_rain,0,320,9,6,0,1
703,Mohanagar Provati,Dhaka (Kamalapur),Chattogram,AC_S,clear,0,320,9,18,1,0
793,Panchagarh Express,Dhaka (Kamalapur),Panchagarh,SNIGDHA,clear,0,480,11,0,0,0
739,Upaban Express,Dhaka (Kamalapur),Sylhet,SNIGDHA,light_rain,0,319,10,23,0,0
791,Banalata Express,Dhaka (Kamalapur),Rajshahi,AC_B,cloudy,8,343,3,10,0,0
754,Silkcity Express,Rajshahi,Dhaka (Kamalapur),SHULOV,cloudy,2,343,9,10,0,0
763,Chitra Express,Dhaka (Kamalapur),Khulna,SNIGDHA,cloudy,65,405,13,6,0,1
777,Haor Express,Dhaka (Kamalapur),Mohanganj,SNIGDHA,clear,21,280,12,12,0,0
725,Sundarban Express,Dhaka (Kamalapur),Khulna,AC_S,clear,24,405,11,10,0,0
742,Turna Nishitha,Chattogram,Dhaka (Kamalapur),S_CHAIR,clear,7,320,8,5,0,1
763,Chitra Express,Dhaka (Kamalapur),Khulna,AC_S,clear,0,405,13,9,1,0
740,Upaban Express,Sylhet,Dhaka (Kamalapur),AC_S,clear,0,319,10,5,0,0
753,Silkcity Express,Dhaka (Kamalapur),Rajshahi,AC_B,clear,0,343,9,7,1,0
815,Parjatak Express,Dhaka (Kamalapur),Cox's Bazar,S_CHAIR,cloudy,5,452,5,21,0,0
771,Rangpur Express,Dhaka (Kamalapur),Rangpur,AC_S,cloudy,6,465,12,4,0,0
703,Mohanagar Provati,Dhaka (Kamalapur),Chattogram,AC_B,clear,44,320,9,22,0,0
719,Paharika Express,Chattogram,Sylhet,SHULOV,light_rain,0,430,14,10,0,0
719,Paharika Express,Chattogram,Sylhet,SHULOV,cloudy,0,430,14,7,1,0
702,Subarna Express,Chattogram,Dhaka (Kamalapur),SNIGDHA,cloudy,0,320,4,10,0,0
771,Rangpur Express,Dhaka (Kamalapur),Rangpur,SHULOV,clear,0,465,12,8,1,0
731,Barendra Express,Rajshahi,Chilahati,F_BERTH,cloudy,0,320,13,19,1,1
740,Upaban Express,Sylhet,Dhaka (Kamalapur),SNIGDHA,cloudy,0,319,10,20,1,0
771,Rangpur Express,Dhaka (Kamalapur),Rangpur,AC_B,clear,17,465,12,9,1,1
777,Haor Express,Dhaka (Kamalapur),Mohanganj,AC_B,clear,0,280,12,20,1,0
754,Silkcity Express,Rajshahi,Dhaka (Kamalapur),S_CHAIR,light_rain,0,343,9,5,0,0
721,Mohanagar Express,Dhaka (Kamalapur),Chattogram,SNIGDHA,cloudy,0,320,8,18,1,0
722,Mohanagar Express,Chattogram,Dhaka (Kamalapur),AC_B,light_rain,0,320,8,23,0,1
791,Banalata Express,Dhaka (Kamalapur),Rajshahi,SHULOV,clear,21,343,3,1,0,1
761,Sagardari Express,Khulna,Rajshahi,SHOVAN,clear,9,280,12,4,0,0
741,Turna Nishitha,Dhaka (Kamalapur),Chattogram,AC_S,clear,3,320,8,11,0,0
761,Sagardari Express,Khulna,Rajshahi,F_BERTH,cloudy,0,280,12,12,0,0
704,Mohanagar Godhuli,Chattogram,Dhaka (Kamalapur),AC_S,clear,0,320,9,20,1,1
707,Tista Express,Dhaka (Kamalapur),Jamalpur,SHULOV,clear,1,240,10,4,0,1
719,Paharika Express,Chattogram,Sylhet,SNIGDHA,clear,7,430,14,15,0,0
769,Dhumketu Express,Dhaka (Kamalapur),Rajshahi,SHOVAN,clear,0,343,8,18,1,0
704,Mohanagar Godhuli,Chattogram,Dhaka (Kamalapur),SHOVAN,light_rain,0,320,9,17,1,0
797,Kurigram Express,Dhaka (Kamalapur),Kurigram,F_CHAIR,clear,0,500,15,6,0,0
814,Cox's Bazar Express,Cox's Bazar,Dhaka (Kamalapur),SNIGDHA,light_rain,0,452,6,0,0,0
743,Brahmaputra Express,Dhaka (Kamalapur),Jamalpur,SHOVAN,light_rain,0,240,12,3,0,0
814,Cox's Bazar Express,Cox's Bazar,Dhaka (Kamalapur),SHOVAN,cloudy,5,452,6,9,1,1
793,Panchagarh Express,Dhaka (Kamalapur),Panchagarh,AC_S,cloudy,0,480,11,0,0,0
723,Udayan Express,Sylhet,Chattogram,AC_S,cloudy,60,430,14,19,1,0
763,Chitra Express,Dhaka (Kamalapur),Khulna,SHOVAN,cloudy,0,405,13,0,0,0
701,Subarna Express,Dhaka (Kamalapur),Chattogram,SNIGDHA,heavy_rain,5,320,4,5,0,1
707,Tista Express,Dhaka (Kamalapur),Jamalpur,AC_S,heavy_rain,0,240,10,0,0,1
722,Mohanagar Express,Chattogram,Dhaka (Kamalapur),SNIGDHA,clear,17,320,8,23,0,0
763,Chitra Express,Dhaka (Kamalapur),Khulna,AC_S,clear,18,405,13,18,1,1
702,Subarna Express,Chattogram,Dhaka (Kamalapur),SHULOV,cloudy,0,320,4,21,0,1
791,Banalata Express,Dhaka (Kamalapur),Rajshahi,S_CHAIR,clear,0,343,3,2,0,0
737,Egarosindhur Provati,Dhaka (Kamalapur),Kishoreganj,F_CHAIR,cloudy,4,135,8,6,0,0
701,Subarna Express,Dhaka (Kamalapur),Chattogram,SHULOV,clear,66,320,4,15,0,0
727,Rupsha Express,Khulna,Chilahati,F_BERTH,clear,0,450,16,15,0,0
754,Silkcity Express,Rajshahi,Dhaka (Kamalapur),SHULOV,cloudy,3,343,9,13,0,0
726,Sundarban Express,Khulna,Dhaka (Kamalapur),SNIGDHA,light_rain,0,405,11,11,0,1
739,Upaban Express,Dhaka (Kamalapur),Sylhet,AC_S,clear,6,319,10,21,0,1
795,Benapole Express,Dhaka (Kamalapur),Benapole,SHULOV,clear,28,420,7,5,0,0
733,Titumir Express,Rajshahi,Chilahati,F_SEAT,light_rain,0,320,12,3,0,0
705,Ekota Express,Dhaka (Kamalapur),Panchagarh,AC_B,cloudy,73,480,14,23,0,1
723,Udayan Express,Sylhet,Chattogram,S_CHAIR,clear,0,430,14,21,0,0
753,Silkcity Express,Dhaka (Kamalapur),Rajshahi,SHULOV,clear,2,343,9,4,0,0
814,Cox's Bazar Express,Cox's Bazar,Dhaka (Kamalapur),SHULOV,clear,0,452,6,2,0,0
761,Sagardari Express,Khulna,Rajshahi,S_CHAIR,clear,0,280,12,6,0,1
722,Mohanagar Express,Chattogram,Dhaka (Kamalapur),AC_S,clear,0,320,8,3,0,0
760,Padma Express,Rajshahi,Dhaka (Kamalapur),AC_B,cloudy,0,343,9,9,1,0
763,Chitra Express,Dhaka (Kamalapur),Khulna,SHULOV,cloudy,0,405,13,11,0,0
715,Kapotaksha Express,Khulna,Rajshahi,S_CHAIR,light_rain,2,280,14,11,0,0
702,Subarna Express,Chattogram,Dhaka (Kamalapur),S_CHAIR,clear,0,320,4,2,0,0
737,Egarosindhur Provati,Dhaka (Kamalapur),Kishoreganj,SHULOV,light_rain,0,135,8,19,1,1
773,Kalni Express,Dhaka (Kamalapur),Sylhet,SHOVAN,light_rain,0,319,8,0,0,0
735,Agnibina Express,Dhaka (Kamalapur),Jamalpur,AC_B,heavy_rain,0,240,11,8,1,1
706,Ekota Express,Panchagarh,Dhaka (Kamalapur),SHULOV,cloudy,5,480,14,15,0,0
802,Chattala Express,Dhaka (Kamalapur),Chattogram,AC_B,clear,6,320,12,2,0,0
701,Subarna Express,Dhaka (Kamalapur),Chattogram,S_CHAIR,light_rain,0,320,4,7,1,0
764,Chitra Express,Khulna,Dhaka (Kamalapur),AC_S,cloudy,0,405,13,23,0,0
702,Subarna Express,Chattogram,Dhaka (Kamalapur),S_CHAIR,cloudy,0,320,4,22,0,0
769,Dhumketu Express,Dhaka (Kamalapur),Rajshahi,S_CHAIR,clear,0,343,8,2,0,0
743,Brahmaputra Express,Dhaka (Kamalapur),Jamalpur,SNIGDHA,cloudy,89,240,12,4,0,1
765,Nilsagar Express,Dhaka (Kamalapur),Chilahati,AC_S,cloudy,8,460,13,15,0,0
813,Cox's Bazar Express,Dhaka (Kamalapur),Cox's Bazar,SHOVAN,clear,0,452,6,9,1,0
701,Subarna Express,Dhaka (Kamalapur),Chattogram,SNIGDHA,clear,1,320,4,18,1,0
715,Kapotaksha Express,Khulna,Rajshahi,F_SEAT,clear,0,280,14,21,0,0
721,Mohanagar Express,Dhaka (Kamalapur),Chattogram,AC_S,clear,9,320,8,16,0,0
763,Chitra Express,Dhaka (Kamalapur),Khulna,SHOVAN,heavy_rain,0,405,13,13,0,1
709,Parabat Express,Dhaka (Kamalapur),Sylhet,SNIGDHA,clear,0,319,11,12,0,0
754,Silkcity Express,Rajshahi,Dhaka (Kamalapur),S_CHAIR,clear,4,343,9,16,0,0
761,Sagardari Express,Khulna,Rajshahi,SHULOV,clear,0,280,12,2,0,1
703,Mohanagar Provati,Dhaka (Kamalapur),Chattogram,SHOVAN,clear,0,320,9,8,1,0
723,Udayan Express,Sylhet,Chattogram,SNIGDHA,light_rain,0,430,14,15,0,1
777,Haor Express,Dhaka (Kamalapur),Mohanganj,SHOVAN,cloudy,30,280,12,4,0,1
764,Chitra Express,Khulna,Dhaka (Kamalapur),SNIGDHA,cloudy,10,405,13,8,1,0
709,Parabat Express,Dhaka (Kamalapur),Sylhet,SNIGDHA,light_rain,0,319,11,9,1,1
735,Agnibina Express,Dhaka (Kamalapur),Jamalpur,S_CHAIR,clear,10,240,11,19,1,1
731,Barendra Express,Rajshahi,Chilahati,SHULOV,clear,0,320,13,14,0,0
750,Egarosindhur Godhuli,Kishoreganj,Dhaka (Kamalapur),SHULOV,light_rain,17,135,8,10,0,0
764,Chitra Express,Khulna,Dhaka (Kamalapur),SNIGDHA,clear,8,405,13,17,1,1
703,Mohanagar Provati,Dhaka (Kamalapur),Chattogram,SNIGDHA,clear,0,320,9,6,0,0
764,Chitra Express,Khulna,Dhaka (Kamalapur),S_CHAIR,heavy_rain,0,405,13,18,1,1
791,Banalata Express,Dhaka (Kamalapur),Rajshahi,SHULOV,heavy_rain,0,343,3,10,0,1
754,Silkcity Express,Rajshahi,Dhaka (Kamalapur),AC_B,clear,0,343,9,8,1,1
727,Rupsha Express,Khulna,Chilahati,SHULOV,clear,0,450,16,10,0,0
717,Joyantika Express,Dhaka (Kamalapur),Sylhet,S_CHAIR,clear,4,319,13,8,1,0
710,Parabat Express,Sylhet,Dhaka (Kamalapur),AC_S,clear,0,319,11,12,0,0
802,Chattala Express,Dhaka (Kamalapur),Chattogram,AC_B,cloudy,0,320,12,3,0,0
710,Parabat Express,Sylhet,Dhaka (Kamalapur),S_CHAIR,cloudy,0,319,11,7,1,0
771,Rangpur Express,Dhaka (Kamalapur),Rangpur,S_CHAIR,clear,0,465,12,22,0,1
759,Padma Express,Dhaka (Kamalapur),Rajshahi,SHOVAN,light_rain,0,343,9,21,0,0
705,Ekota Express,Dhaka (Kamalapur),Panchagarh,SNIGDHA,clear,0,480,14,14,0,0
737,Egarosindhur Provati,Dhaka (Kamalapur),Kishoreganj,F_BERTH,cloudy,0,135,8,6,0,0
710,Parabat Express,Sylhet,Dhaka (Kamalapur),SHULOV,clear,23,319,11,0,0,0
707,Tista Express,Dhaka (Kamalapur),Jamalpur,SHULOV,clear,0,240,10,12,0,0
725,Sundarban Express,Dhaka (Kamalapur),Khulna,S_CHAIR,clear,0,405,11,8,1,1
766,Nilsagar Express,Chilahati,Dhaka (Kamalapur),SHULOV,cloudy,0,460,13,12,0,0
704,Mohanagar Godhuli,Chattogram,Dhaka (Kamalapur),SHULOV,light_rain,2,320,9,8,1,0
725,Sundarban Express,Dhaka (Kamalapur),Khulna,AC_S,clear,19,405,11,7,1,1
703,Mohanagar Provati,Dhaka (Kamalapur),Chattogram,AC_S,light_rain,10,320,9,23,0,0
791,Banalata Express,Dhaka (Kamalapur),Rajshahi,AC_S,clear,0,343,3,3,0,0
706,Ekota Express,Panchagarh,Dhaka (Kamalapur),AC_B,light_rain,0,480,14,17,1,1
701,Subarna Express,Dhaka (Kamalapur),Chattogram,SNIGDHA,light_rain,0,320,4,16,0,0
802,Chattala Express,Dhaka (Kamalapur),Chattogram,AC_B,cloudy,3,320,12,11,0,0
710,Parabat Express,Sylhet,Dhaka (Kamalapur),S_CHAIR,clear,2,319,11,1,0,0
701,Subarna Express,Dhaka (Kamalapur),Chattogram,SNIGDHA,cloudy,0,320,4,12,0,0
707,Tista Express,Dhaka (Kamalapur),Jamalpur,SHOVAN,clear,29,240,10,12,0,1
769,Dhumketu Express,Dhaka (Kamalapur),Rajshahi,AC_S,cloudy,0,343,8,2,0,0
773,Kalni Express,Dhaka (Kamalapur),Sylhet,AC_B,cloudy,0,319,8,0,0,0
702,Subarna Express,Chattogram,Dhaka (Kamalapur),AC_S,clear,3,320,4,23,0,0
760,Padma Express,Rajshahi,Dhaka (Kamalapur),AC_S,clear,0,343,9,14,0,0
815,Parjatak Express,Dhaka (Kamalapur),Cox's Bazar,S_CHAIR,clear,18,452,5,3,0,1
726,Sundarban Express,Khulna,Dhaka (Kamalapur),S_CHAIR,light_rain,0,405,11,16,0,1
763,Chitra Express,Dhaka (Kamalapur),Khulna,AC_B,clear,0,405,13,0,0,1
737,Egarosindhur Provati,Dhaka (Kamalapur),Kishoreganj,SHOVAN,clear,1,135,8,11,0,0
715,Kapotaksha Express,Khulna,Rajshahi,SHOVAN,cloudy,0,280,14,16,0,0
761,Sagardari Express,Khulna,Rajshahi,S_CHAIR,clear,12,280,12,23,0,0
742,Turna Nishitha,Chattogram,Dhaka (Kamalapur),S_CHAIR,clear,0,320,8,6,0,0
760,Padma Express,Rajshahi,Dhaka (Kamalapur),AC_S,clear,0,343,9,18,1,0
742,Turna Nishitha,Chattogram,Dhaka (Kamalapur),S_CHAIR,cloudy,31,320,8,5,0,1
763,Chitra Express,Dhaka (Kamalapur),Khulna,AC_B,clear,0,405,13,14,0,0
750,Egarosindhur Godhuli,Kishoreganj,Dhaka (Kamalapur),F_CHAIR,light_rain,0,135,8,23,0,0
705,Ekota Express,Dhaka (Kamalapur),Panchagarh,AC_S,cloudy,0,480,14,19,1,1
702,Subarna Express,Chattogram,Dhaka (Kamalapur),S_CHAIR,cloudy,0,320,4,23,0,1
766,Nilsagar Express,Chilahati,Dhaka (Kamalapur),SNIGDHA,light_rain,0,460,13,7,1,1
710,Parabat Express,Sylhet,Dhaka (Kamalapur),S_CHAIR,light_rain,0,319,11,23,0,0
773,Kalni Express,Dhaka (Kamalapur),Sylhet,AC_B,clear,10,319,8,10,0,1
760,Padma Express,Rajshahi,Dhaka (Kamalapur),S_CHAIR,clear,52,343,9,3,0,1
764,Chitra Express,Khulna,Dhaka (Kamalapur),S_CHAIR,cloudy,0,405,13,7,1,1
802,Chattala Express,Dhaka (Kamalapur),Chattogram,SHOVAN,clear,0,320,12,23,0,0
764,Chitra Express,Khulna,Dhaka (Kamalapur),AC_B,heavy_rain,0,405,13,1,0,0
754,Silkcity Express,Rajshahi,Dhaka (Kamalapur),SHULOV,cloudy,0,343,9,9,1,1
766,Nilsagar Express,Chilahati,Dhaka (Kamalapur),AC_B,heavy_rain,83,460,13,5,0,1
764,Chitra Express,Khulna,Dhaka (Kamalapur),AC_B,clear,0,405,13,19,1,1
771,Rangpur Express,Dhaka (Kamalapur),Rangpur,SNIGDHA,clear,9,465,12,22,0,0
723,Udayan Express,Sylhet,Chattogram,SHULOV,clear,53,430,14,9,1,1
760,Padma Express,Rajshahi,Dhaka (Kamalapur),S_CHAIR,light_rain,0,343,9,7,1,0
787,Sonar Bangla Express,Dhaka (Kamalapur),Chattogram,AC_B,clear,37,320,4,4,0,1
731,Barendra Express,Rajshahi,Chilahati,F_CHAIR,cloudy,0,320,13,13,0,0
743,Brahmaputra Express,Dhaka (Kamalapur),Jamalpur,SHOVAN,cloudy,0,240,12,1,0,0
753,Silkcity Express,Dhaka (Kamalapur),Rajshahi,AC_B,clear,23,343,9,14,0,1
737,Egarosindhur Provati,Dhaka (Kamalapur),Kishoreganj,F_CHAIR,clear,0,135,8,18,1,1
733,Titumir Express,Rajshahi,Chilahati,F_SEAT,heavy_rain,13,320,12,10,0,1
710,Parabat Express,Sylhet,Dhaka (Kamalapur),SHOVAN,cloudy,0,319,11,1,0,0
737,Egarosindhur Provati,Dhaka (Kamalapur),Kishoreganj,F_CHAIR,light_rain,0,135,8,16,0,1
735,Agnibina Express,Dhaka (Kamalapur),Jamalpur,SHULOV,light_rain,0,240,11,16,0,0
797,Kurigram Express,Dhaka (Kamalapur),Kurigram,F_SEAT,clear,1,500,15,9,1,0
787,Sonar Bangla Express,Dhaka (Kamalapur),Chattogram,AC_S,clear,71,320,4,2,0,0
726,Sundarban Express,Khulna,Dhaka (Kamalapur),SHOVAN,cloudy,0,405,11,9,1,0
709,Parabat Express,Dhaka (Kamalapur),Sylhet,SHULOV,light_rain,0,319,11,7,1,0
725,Sundarban Express,Dhaka (Kamalapur),Khulna,AC_S,clear,12,405,11,8,1,0
769,Dhumketu Express,Dhaka (Kamalapur),Rajshahi,AC_B,cloudy,0,343,8,18,1,0
717,Joyantika Express,Dhaka (Kamalapur),Sylhet,AC_B,light_rain,0,319,13,17,1,1
791,Banalata Express,Dhaka (Kamalapur),Rajshahi,AC_B,clear,0,343,3,23,0,0
717,Joyantika Express,Dhaka (Kamalapur),Sylhet,SHULOV,clear,3,319,13,11,0,0
773,Kalni Express,Dhaka (Kamalapur),Sylhet,SHOVAN,cloudy,13,319,8,0,0,1
731,Barendra Express,Rajshahi,Chilahati,F_CHAIR,heavy_rain,0,320,13,17,1,1
743,Brahmaputra Express,Dhaka (Kamalapur),Jamalpur,SHOVAN,clear,0,240,12,5,0,0
739,Upaban Express,Dhaka (Kamalapur),Sylhet,SHULOV,clear,0,319,10,10,0,0
706,Ekota Express,Panchagarh,Dhaka (Kamalapur),AC_S,cloudy,11,480,14,13,0,0
715,Kapotaksha Express,Khulna,Rajshahi,S_CHAIR,clear,0,280,14,18,1,1
727,Rupsha Express,Khulna,Chilahati,F_SEAT,light_rain,0,450,16,10,0,1
787,Sonar Bangla Express,Dhaka (Kamalapur),Chattogram,AC_B,cloudy,0,320,4,21,0,0
769,Dhumketu Express,Dhaka (Kamalapur),Rajshahi,SHULOV,light_rain,0,343,8,3,0,0
722,Mohanagar Express,Chattogram,Dhaka (Kamalapur),SHOVAN,clear,8,320,8,10,0,0
733,Titumir Express,Rajshahi,Chilahati,SHULOV,clear,0,320,12,1,0,1
773,Kalni Express,Dhaka (Kamalapur),Sylhet,SHULOV,heavy_rain,0,319,8,4,0,0
703,Mohanagar Provati,Dhaka (Kamalapur),Chattogram,SHOVAN,clear,0,320,9,0,0,0
813,Cox's Bazar Express,Dhaka (Kamalapur),Cox's Bazar,SHULOV,clear,3,452,6,3,0,1
739,Upaban Express,Dhaka (Kamalapur),Sylhet,SNIGDHA,clear,0,319,10,2,0,0
761,Sagardari Express,Khulna,Rajshahi,SHOVAN,light_rain,2,280,12,22,0,0
743,Brahmaputra Express,Dhaka (Kamalapur),Jamalpur,SNIGDHA,clear,12,240,12,13,0,0
727,Rupsha Express,Khulna,Chilahati,F_BERTH,clear,0,450,16,15,0,0
760,Padma Express,Rajshahi,Dhaka (Kamalapur),SHOVAN,clear,29,343,9,7,1,1
707,Tista Express,Dhaka (Kamalapur),Jamalpur,SHOVAN,cloudy,0,240,10,22,0,0
735,Agnibina Express,Dhaka (Kamalapur),Jamalpur,SHOVAN,clear,0,240,11,8,1,0
814,Cox's Bazar Express,Cox's Bazar,Dhaka (Kamalapur),S_CHAIR,cloudy,1,452,6,12,0,0
753,Silkcity Express,Dhaka (Kamalapur),Rajshahi,AC_S,clear,10,343,9,8,1,0
722,Mohanagar Express,Chattogram,Dhaka (Kamalapur),SHULOV,clear,31,320,8,12,0,0
777,Haor Express,Dhaka (Kamalapur),Mohanganj,AC_S,cloudy,0,280,12,22,0,0
727,Rupsha Express,Khulna,Chilahati,F_BERTH,cloudy,0,450,16,3,0,0
737,Egarosindhur Provati,Dhaka (Kamalapur),Kishoreganj,F_BERTH,light_rain,0,135,8,14,0,0
733,Titumir Express,Rajshahi,Chilahati,F_BERTH,light_rain,6,320,12,21,0,0
793,Panchagarh Express,Dhaka (Kamalapur),Panchagarh,AC_S,clear,6,480,11,21,0,0
740,Upaban Express,Sylhet,Dhaka (Kamalapur),S_CHAIR,clear,0,319,10,1,0,0
815,Parjatak Express,Dhaka (Kamalapur),Cox's Bazar,S_CHAIR,clear,0,452,5,13,0,0
761,Sagardari Express,Khulna,Rajshahi,SHOVAN,clear,8,280,12,14,0,0
763,Chitra Express,Dhaka (Kamalapur),Khulna,S_CHAIR,clear,18,405,13,0,0,0
759,Padma Express,Dhaka (Kamalapur),Rajshahi,AC_S,heavy_rain,72,343,9,3,0,1
739,Upaban Express,Dhaka (Kamalapur),Sylhet,SHULOV,clear,0,319,10,2,0,0
710,Parabat Express,Sylhet,Dhaka (Kamalapur),SNIGDHA,clear,4,319,11,16,0,0
705,Ekota Express,Dhaka (Kamalapur),Panchagarh,AC_B,clear,1,480,14,17,1,0
763,Chitra Express,Dhaka (Kamalapur),Khulna,AC_S,clear,5,405,13,8,1,0
743,Brahmaputra Express,Dhaka (Kamalapur),Jamalpur,SHOVAN,cloudy,0,240,12,6,0,0
723,Udayan Express,Sylhet,Chattogram,SNIGDHA,cloudy,0,430,14,13,0,1
703,Mohanagar Provati,Dhaka (Kamalapur),Chattogram,AC_B,cloudy,18,320,9,6,0,0
727,Rupsha Express,Khulna,Chilahati,F_BERTH,clear,0,450,16,23,0,0
787,Sonar Bangla Express,Dhaka (Kamalapur),Chattogram,AC_S,clear,38,320,4,20,1,1
815,Parjatak Express,Dhaka (Kamalapur),Cox's Bazar,AC_B,clear,0,452,5,8,1,0
793,Panchagarh Express,Dhaka (Kamalapur),Panchagarh,AC_S,clear,5,480,11,22,0,0
764,Chitra Express,Khulna,Dhaka (Kamalapur),AC_S,light_rain,0,405,13,7,1,1
791,Banalata Express,Dhaka (Kamalapur),Rajshahi,SHULOV,clear,6,343,3,0,0,0
765,Nilsagar Express,Dhaka (Kamalapur),Chilahati,AC_B,cloudy,0,460,13,23,0,0
815,Parjatak Express,Dhaka (Kamalapur),Cox's Bazar,AC_S,clear,0,452,5,19,1,1
750,Egarosindhur Godhuli,Kishoreganj,Dhaka (Kamalapur),F_SEAT,clear,5,135,8,5,0,1
754,Silkcity Express,Rajshahi,Dhaka (Kamalapur),AC_B,cloudy,7,343,9,6,0,0
791,Banalata Express,Dhaka (Kamalapur),Rajshahi,AC_S,cloudy,0,343,3,17,1,0
766,Nilsagar Express,Chilahati,Dhaka (Kamalapur),SHOVAN,heavy_rain,84,460,13,17,1,1
725,Sundarban Express,Dhaka (Kamalapur),Khulna,S_CHAIR,clear,0,405,11,6,0,0
702,Subarna Express,Chattogram,Dhaka (Kamalapur),AC_S,clear,60,320,4,18,1,1
788,Sonar Bangla Express,Chattogram,Dhaka (Kamalapur),AC_B,cloudy,0,320,4,20,1,0
741,Turna Nishitha,Dhaka (Kamalapur),Chattogram,AC_B,cloudy,0,320,8,1,0,0
703,Mohanagar Provati,Dhaka (Kamalapur),Chattogram,AC_S,cloudy,0,320,9,8,1,0
813,Cox's Bazar Express,Dhaka (Kamalapur),Cox's Bazar,AC_B,clear,15,452,6,22,0,0
797,Kurigram Express,Dhaka (Kamalapur),Kurigram,S_CHAIR,clear,9,500,15,14,0,1
723,Udayan Express,Sylhet,Chattogram,AC_B,clear,1,430,14,0,0,0
704,Mohanagar Godhuli,Chattogram,Dhaka (Kamalapur),SNIGDHA,clear,10,320,9,15,0,1
733,Titumir Express,Rajshahi,Chilahati,SHOVAN,cloudy,1,320,12,11,0,0
733,Titumir Express,Rajshahi,Chilahati,SHOVAN,cloudy,0,320,12,4,0,0
763,Chitra Express,Dhaka (Kamalapur),Khulna,SNIGDHA,cloudy,15,405,13,9,1,0
719,Paharika Express,Chattogram,Sylhet,S_CHAIR,cloudy,0,430,14,19,1,0
710,Parabat Express,Sylhet,Dhaka (Kamalapur),S_CHAIR,clear,6,319,11,8,1,0
765,Nilsagar Express,Dhaka (Kamalapur),Chilahati,AC_B,clear,0,460,13,10,0,1
773,Kalni Express,Dhaka (Kamalapur),Sylhet,AC_S,light_rain,7,319,8,20,1,1
710,Parabat Express,Sylhet,Dhaka (Kamalapur),S_CHAIR,cloudy,10,319,11,0,0,0
705,Ekota Express,Dhaka (Kamalapur),Panchagarh,AC_S,clear,0,480,14,3,0,0
705,Ekota Express,Dhaka (Kamalapur),Panchagarh,AC_B,light_rain,9,480,14,8,1,1
757,Drutojan Express,Dhaka (Kamalapur),Panchagarh,S_CHAIR,cloudy,0,480,13,6,0,1
740,Upaban Express,Sylhet,Dhaka (Kamalapur),AC_S,clear,0,319,10,21,0,0
765,Nilsagar Express,Dhaka (Kamalapur),Chilahati,SHULOV,cloudy,0,460,13,7,1,0
741,Turna Nishitha,Dhaka (Kamalapur),Chattogram,SNIGDHA,cloudy,0,320,8,8,1,0
759,Padma Express,Dhaka (Kamalapur),Rajshahi,SNIGDHA,heavy_rain,53,343,9,11,0,1
787,Sonar Bangla Express,Dhaka (Kamalapur),Chattogram,AC_B,clear,0,320,4,5,0,0
750,Egarosindhur Godhuli,Kishoreganj,Dhaka (Kamalapur),F_BERTH,cloudy,0,135,8,8,1,0
705,Ekota Express,Dhaka (Kamalapur),Panchagarh,SHOVAN,light_rain,0,480,14,7,1,1
813,Cox's Bazar Express,Dhaka (Kamalapur),Cox's Bazar,SNIGDHA,clear,25,452,6,1,0,1
717,Joyantika Express,Dhaka (Kamalapur),Sylhet,SHULOV,cloudy,18,319,13,6,0,0
814,Cox's Bazar Express,Cox's Bazar,Dhaka (Kamalapur),SHOVAN,clear,6,452,6,4,0,1
737,Egarosindhur Provati,Dhaka (Kamalapur),Kishoreganj,SHOVAN,cloudy,0,135,8,6,0,1
735,Agnibina Express,Dhaka (Kamalapur),Jamalpur,AC_S,cloudy,0,240,11,7,1,0
787,Sonar Bangla Express,Dhaka (Kamalapur),Chattogram,SNIGDHA,clear,0,320,4,10,0,1
795,Benapole Express,Dhaka (Kamalapur),Benapole,S_CHAIR,light_rain,11,420,7,6,0,0
702,Subarna Express,Chattogram,Dhaka (Kamalapur),SHOVAN,clear,0,320,4,19,1,1
777,Haor Express,Dhaka (Kamalapur),Mohanganj,S_CHAIR,clear,0,280,12,19,1,0
769,Dhumketu Express,Dhaka (Kamalapur),Rajshahi,AC_B,light_rain,4,343,8,11,0,1
773,Kalni Express,Dhaka (Kamalapur),Sylhet,SHOVAN,clear,27,319,8,9,1,1
709,Parabat Express,Dhaka (Kamalapur),Sylhet,S_CHAIR,cloudy,0,319,11,13,0,0
802,Chattala Express,Dhaka (Kamalapur),Chattogram,AC_S,cloudy,0,320,12,8,1,0
704,Mohanagar Godhuli,Chattogram,Dhaka (Kamalapur),SNIGDHA,heavy_rain,0,320,9,23,0,1
702,Subarna Express,Chattogram,Dhaka (Kamalapur),SNIGDHA,clear,58,320,4,23,0,0
722,Mohanagar Express,Chattogram,Dhaka (Kamalapur),SHULOV,clear,12,320,8,1,0,1
759,Padma Express,Dhaka (Kamalapur),Rajshahi,S_CHAIR,light_rain,0,343,9,14,0,0
815,Parjatak Express,Dhaka (Kamalapur),Cox's Bazar,AC_B,heavy_rain,0,452,5,1,0,1
813,Cox's Bazar Express,Dhaka (Kamalapur),Cox's Bazar,S_CHAIR,cloudy,8,452,6,20,1,0
705,Ekota Express,Dhaka (Kamalapur),Panchagarh,SNIGDHA,clear,0,480,14,17,1,0
725,Sundarban Express,Dhaka (Kamalapur),Khulna,AC_S,clear,4,405,11,17,1,0
769,Dhumketu Express,Dhaka (Kamalapur),Rajshahi,AC_B,clear,0,343,8,3,0,0
777,Haor Express,Dhaka (Kamalapur),Mohanganj,AC_B,cloudy,54,280,12,18,1,1
717,Joyantika Express,Dhaka (Kamalapur),Sylhet,SHOVAN,clear,1,319,13,5,0,0
765,Nilsagar Express,Dhaka (Kamalapur),Chilahati,SHOVAN,heavy_rain,30,460,13,21,0,1
771,Rangpur Express,Dhaka (Kamalapur),Rangpur,SHOVAN,cloudy,0,465,12,4,0,0
759,Padma Express,Dhaka (Kamalapur),Rajshahi,SHULOV,heavy_rain,4,343,9,9,1,1
773,Kalni Express,Dhaka (Kamalapur),Sylhet,SHOVAN,cloudy,0,319,8,5,0,0
709,Parabat Express,Dhaka (Kamalapur),Sylhet,SNIGDHA,light_rain,7,319,11,1,0,0
757,Drutojan Express,Dhaka (Kamalapur),Panchagarh,S_CHAIR,clear,0,480,13,0,0,1
815,Parjatak Express,Dhaka (Kamalapur),Cox's Bazar,SNIGDHA,cloudy,0,452,5,21,0,0
707,Tista Express,Dhaka (Kamalapur),Jamalpur,AC_S,light_rain,15,240,10,0,0,0
701,Subarna Express,Dhaka (Kamalapur),Chattogram,SNIGDHA,heavy_rain,2,320,4,19,1,1
715,Kapotaksha Express,Khulna,Rajshahi,F_SEAT,clear,0,280,14,21,0,0
759,Padma Express,Dhaka (Kamalapur),Rajshahi,SHOVAN,clear,13,343,9,0,0,0
721,Mohanagar Express,Dhaka (Kamalapur),Chattogram,SHULOV,light_rain,0,320,8,18,1,0
722,Mohanagar Express,Chattogram,Dhaka (Kamalapur),SNIGDHA,light_rain,0,320,8,18,1,1
795,Benapole Express,Dhaka (Kamalapur),Benapole,SNIGDHA,cloudy,84,420,7,15,0,1
743,Brahmaputra Express,Dhaka (Kamalapur),Jamalpur,SHOVAN,clear,35,240,12,3,0,0
795,Benapole Express,Dhaka (Kamalapur),Benapole,AC_S,clear,30,420,7,0,0,1
705,Ekota Express,Dhaka (Kamalapur),Panchagarh,AC_B,cloudy,5,480,14,2,0,0
726,Sundarban Express,Khulna,Dhaka (Kamalapur),S_CHAIR,light_rain,9,405,11,14,0,0
788,Sonar Bangla Express,Chattogram,Dhaka (Kamalapur),SNIGDHA,clear,19,320,4,14,0,1
802,Chattala Express,Dhaka (Kamalapur),Chattogram,AC_B,cloudy,0,320,12,13,0,0
753,Silkcity Express,Dhaka (Kamalapur),Rajshahi,AC_B,cloudy,2,343,9,15,0,0
802,Chattala Express,Dhaka (Kamalapur),Chattogram,SHOVAN,cloudy,13,320,12,0,0,0
706,Ekota Express,Panchagarh,Dhaka (Kamalapur),SNIGDHA,clear,0,480,14,2,0,0
719,Paharika Express,Chattogram,Sylhet,SNIGDHA,cloudy,17,430,14,12,0,0
704,Mohanagar Godhuli,Chattogram,Dhaka (Kamalapur),S_CHAIR,clear,3,320,9,0,0,0
791,Banalata Express,Dhaka (Kamalapur),Rajshahi,AC_S,light_rain,0,343,3,18,1,1
814,Cox's Bazar Express,Cox's Bazar,Dhaka (Kamalapur),AC_S,clear,0,452,6,1,0,0
766,Nilsagar Express,Chilahati,Dhaka (Kamalapur),SNIGDHA,clear,0,460,13,3,0,0
788,Sonar Bangla Express,Chattogram,Dhaka (Kamalapur),AC_B,cloudy,0,320,4,3,0,0
727,Rupsha Express,Khulna,Chilahati,S_CHAIR,cloudy,0,450,16,5,0,0
766,Nilsagar Express,Chilahati,Dhaka (Kamalapur),SHOVAN,light_rain,0,460,13,13,0,0
727,Rupsha Express,Khulna,Chilahati,S_CHAIR,light_rain,10,450,16,7,1,1
722,Mohanagar Express,Chattogram,Dhaka (Kamalapur),SHOVAN,clear,0,320,8,18,1,0
702,Subarna Express,Chattogram,Dhaka (Kamalapur),S_CHAIR,light_rain,10,320,4,12,0,0
726,Sundarban Express,Khulna,Dhaka (Kamalapur),S_CHAIR,cloudy,26,405,11,16,0,1
733,Titumir Express,Rajshahi,Chilahati,F_BERTH,clear,0,320,12,21,0,0
793,Panchagarh Express,Dhaka (Kamalapur),Panchagarh,SNIGDHA,clear,3,480,11,21,0,0
706,Ekota Express,Panchagarh,Dhaka (Kamalapur),S_CHAIR,heavy_rain,0,480,14,2,0,1
813,Cox's Bazar Express,Dhaka (Kamalapur),Cox's Bazar,AC_B,heavy_rain,0,452,6,14,0,0
757,Drutojan Express,Dhaka (Kamalapur),Panchagarh,SHOVAN,cloudy,5,480,13,17,1,0
702,Subarna Express,Chattogram,Dhaka (Kamalapur),AC_S,clear,0,320,4,19,1,0
706,Ekota Express,Panchagarh,Dhaka (Kamalapur),S_CHAIR,heavy_rain,63,480,14,20,1,1
723,Udayan Express,Sylhet,Chattogram,SHULOV,cloudy,0,430,14,11,0,0
726,Sundarban Express,Khulna,Dhaka (Kamalapur),AC_B,cloudy,53,405,11,7,1,1
759,Padma Express,Dhaka (Kamalapur),Rajshahi,S_CHAIR,clear,3,343,9,8,1,1
797,Kurigram Express,Dhaka (Kamalapur),Kurigram,F_BERTH,cloudy,0,500,15,12,0,0
765,Nilsagar Express,Dhaka (Kamalapur),Chilahati,S_CHAIR,cloudy,0,460,13,6,0,0
733,Titumir Express,Rajshahi,Chilahati,SHULOV,cloudy,9,320,12,21,0,1
788,Sonar Bangla Express,Chattogram,Dhaka (Kamalapur),SNIGDHA,clear,79,320,4,12,0,1
726,Sundarban Express,Khulna,Dhaka (Kamalapur),SHOVAN,clear,16,405,11,5,0,1
754,Silkcity Express,Rajshahi,Dhaka (Kamalapur),SNIGDHA,clear,9,343,9,6,0,0
797,Kurigram Express,Dhaka (Kamalapur),Kurigram,F_CHAIR,clear,0,500,15,18,1,0
709,Parabat Express,Dhaka (Kamalapur),Sylhet,AC_S,cloudy,0,319,11,8,1,0
719,Paharika Express,Chattogram,Sylhet,AC_S,cloudy,26,430,14,10,0,0
802,Chattala Express,Dhaka (Kamalapur),Chattogram,S_CHAIR,heavy_rain,0,320,12,21,0,1
795,Benapole Express,Dhaka (Kamalapur),Benapole,AC_B,cloudy,0,420,7,20,1,1
759,Padma Express,Dhaka (Kamalapur),Rajshahi,SHOVAN,clear,0,343,9,21,0,0
701,Subarna Express,Dhaka (Kamalapur),Chattogram,AC_S,clear,10,320,4,16,0,1
722,Mohanagar Express,Chattogram,Dhaka (Kamalapur),S_CHAIR,cloudy,0,320,8,22,0,0
733,Titumir Express,Rajshahi,Chilahati,F_BERTH,clear,0,320,12,10,0,1
719,Paharika Express,Chattogram,Sylhet,AC_S,clear,22,430,14,13,0,0
705,Ekota Express,Dhaka (Kamalapur),Panchagarh,AC_B,clear,0,480,14,0,0,0
742,Turna Nishitha,Chattogram,Dhaka (Kamalapur),SHULOV,light_rain,20,320,8,1,0,1
759,Padma Express,Dhaka (Kamalapur),Rajshahi,SHOVAN,cloudy,0,343,9,1,0,0
761,Sagardari Express,Khulna,Rajshahi,S_CHAIR,clear,15,280,12,16,0,0
760,Padma Express,Rajshahi,Dhaka (Kamalapur),AC_S,light_rain,28,343,9,13,0,0
731,Barendra Express,Rajshahi,Chilahati,SHOVAN,cloudy,0,320,13,5,0,0
795,Benapole Express,Dhaka (Kamalapur),Benapole,SNIGDHA,heavy_rain,0,420,7,18,1,1
719,Paharika Express,Chattogram,Sylhet,SHULOV,light_rain,0,430,14,19,1,0
715,Kapotaksha Express,Khulna,Rajshahi,SHULOV,clear,39,280,14,0,0,1
715,Kapotaksha Express,Khulna,Rajshahi,F_CHAIR,clear,29,280,14,2,0,1
722,Mohanagar Express,Chattogram,Dhaka (Kamalapur),SNIGDHA,light_rain,0,320,8,15,0,1
793,Panchagarh Express,Dhaka (Kamalapur),Panchagarh,S_CHAIR,cloudy,0,480,11,16,0,0
766,Nilsagar Express,Chilahati,Dhaka (Kamalapur),SHOVAN,heavy_rain,62,460,13,22,0,1
725,Sundarban Express,Dhaka (Kamalapur),Khulna,SHULOV,light_rain,5,405,11,4,0,0
727,Rupsha Express,Khulna,Chilahati,SHULOV,clear,44,450,16,2,0,0
813,Cox's Bazar Express,Dhaka (Kamalapur),Cox's Bazar,SHULOV,cloudy,15,452,6,4,0,1
707,Tista Express,Dhaka (Kamalapur),Jamalpur,AC_B,cloudy,0,240,10,0,0,0
769,Dhumketu Express,Dhaka (Kamalapur),Rajshahi,SNIGDHA,cloudy,0,343,8,17,1,0
705,Ekota Express,Dhaka (Kamalapur),Panchagarh,SHULOV,clear,0,480,14,11,0,0
727,Rupsha Express,Khulna,Chilahati,F_CHAIR,cloudy,0,450,16,18,1,1
797,Kurigram Express,Dhaka (Kamalapur),Kurigram,F_BERTH,cloudy,8,500,15,7,1,1
757,Drutojan Express,Dhaka (Kamalapur),Panchagarh,AC_S,cloudy,0,480,13,21,0,0
737,Egarosindhur Provati,Dhaka (Kamalapur),Kishoreganj,SHULOV,clear,42,135,8,0,0,1
765,Nilsagar Express,Dhaka (Kamalapur),Chilahati,SHOVAN,light_rain,0,460,13,3,0,0
743,Brahmaputra Express,Dhaka (Kamalapur),Jamalpur,SHOVAN,clear,5,240,12,7,1,0
754,Silkcity Express,Rajshahi,Dhaka (Kamalapur),SHULOV,heavy_rain,0,343,9,9,1,1
750,Egarosindhur Godhuli,Kishoreganj,Dhaka (Kamalapur),SHULOV,cloudy,18,135,8,9,1,1
723,Udayan Express,Sylhet,Chattogram,SNIGDHA,light_rain,10,430,14,3,0,1
766,Nilsagar Express,Chilahati,Dhaka (Kamalapur),S_CHAIR,clear,0,460,13,1,0,0
771,Rangpur Express,Dhaka (Kamalapur),Rangpur,S_CHAIR,light_rain,0,465,12,10,0,0
705,Ekota Express,Dhaka (Kamalapur),Panchagarh,AC_S,clear,14,480,14,12,0,0
788,Sonar Bangla Express,Chattogram,Dhaka (Kamalapur),SNIGDHA,clear,1,320,4,15,0,0
726,Sundarban Express,Khulna,Dhaka (Kamalapur),SHOVAN,cloudy,10,405,11,22,0,0
754,Silkcity Express,Rajshahi,Dhaka (Kamalapur),SHULOV,cloudy,0,343,9,1,0,0
733,Titumir Express,Rajshahi,Chilahati,F_BERTH,clear,46,320,12,20,1,1
733,Titumir Express,Rajshahi,Chilahati,SHOVAN,clear,13,320,12,5,0,0
765,Nilsagar Express,Dhaka (Kamalapur),Chilahati,AC_B,clear,29,460,13,23,0,0
743,Brahmaputra Express,Dhaka (Kamalapur),Jamalpur,AC_B,clear,4,240,12,23,0,1
814,Cox's Bazar Express,Cox's Bazar,Dhaka (Kamalapur),AC_B,cloudy,8,452,6,15,0,0
742,Turna Nishitha,Chattogram,Dhaka (Kamalapur),S_CHAIR,clear,0,320,8,3,0,0
726,Sundarban Express,Khulna,Dhaka (Kamalapur),S_CHAIR,cloudy,3,405,11,23,0,1
759,Padma Express,Dhaka (Kamalapur),Rajshahi,S_CHAIR,clear,3,343,9,1,0,0
743,Brahmaputra Express,Dhaka (Kamalapur),Jamalpur,SHULOV,light_rain,43,240,12,23,0,1
765,Nilsagar Express,Dhaka (Kamalapur),Chilahati,AC_S,clear,0,460,13,5,0,0
715,Kapotaksha Express,Khulna,Rajshahi,F_CHAIR,light_rain,15,280,14,5,0,1
733,Titumir Express,Rajshahi,Chilahati,SHOVAN,cloudy,0,320,12,0,0,0
741,Turna Nishitha,Dhaka (Kamalapur),Chattogram,AC_S,cloudy,15,320,8,18,1,0
753,Silkcity Express,Dhaka (Kamalapur),Rajshahi,SHULOV,clear,82,343,9,22,0,1
741,Turna Nishitha,Dhaka (Kamalapur),Chattogram,SHULOV,cloudy,45,320,8,3,0,1
753,Silkcity Express,Dhaka (Kamalapur),Rajshahi,SHOVAN,clear,6,343,9,4,0,1
703,Mohanagar Provati,Dhaka (Kamalapur),Chattogram,SHULOV,light_rain,61,320,9,13,0,1
763,Chitra Express,Dhaka (Kamalapur),Khulna,AC_S,cloudy,5,405,13,1,0,0
704,Mohanagar Godhuli,Chattogram,Dhaka (Kamalapur),S_CHAIR,clear,0,320,9,4,0,0
721,Mohanagar Express,Dhaka (Kamalapur),Chattogram,SNIGDHA,clear,3,320,8,9,1,1
702,Subarna Express,Chattogram,Dhaka (Kamalapur),SHOVAN,clear,26,320,4,20,1,1
733,Titumir Express,Rajshahi,Chilahati,F_CHAIR,cloudy,6,320,12,11,0,0
813,Cox's Bazar Express,Dhaka (Kamalapur),Cox's Bazar,AC_S,clear,15,452,6,14,0,1
757,Drutojan Express,Dhaka (Kamalapur),Panchagarh,AC_B,light_rain,0,480,13,23,0,0
721,Mohanagar Express,Dhaka (Kamalapur),Chattogram,S_CHAIR,clear,0,320,8,1,0,0
715,Kapotaksha Express,Khulna,Rajshahi,SHULOV,cloudy,8,280,14,23,0,0
788,Sonar Bangla Express,Chattogram,Dhaka (Kamalapur),AC_S,clear,0,320,4,7,1,0
723,Udayan Express,Sylhet,Chattogram,AC_B,heavy_rain,64,430,14,15,0,1
813,Cox's Bazar Express,Dhaka (Kamalapur),Cox's Bazar,AC_B,cloudy,0,452,6,11,0,0
753,Silkcity Express,Dhaka (Kamalapur),Rajshahi,S_CHAIR,clear,0,343,9,6,0,1
814,Cox's Bazar Express,Cox's Bazar,Dhaka (Kamalapur),SHULOV,light_rain,0,452,6,14,0,0
760,Padma Express,Rajshahi,Dhaka (Kamalapur),S_CHAIR,light_rain,0,343,9,7,1,0
763,Chitra Express,Dhaka (Kamalapur),Khulna,AC_B,clear,0,405,13,9,1,0
702,Subarna Express,Chattogram,Dhaka (Kamalapur),AC_B,light_rain,0,320,4,14,0,1
702,Subarna Express,Chattogram,Dhaka (Kamalapur),SHULOV,cloudy,10,320,4,17,1,0
761,Sagardari Express,Khulna,Rajshahi,SHULOV,light_rain,0,280,12,21,0,1
733,Titumir Express,Rajshahi,Chilahati,F_SEAT,clear,0,320,12,18,1,0
764,Chitra Express,Khulna,Dhaka (Kamalapur),S_CHAIR,light_rain,0,405,13,2,0,0
735,Agnibina Express,Dhaka (Kamalapur),Jamalpur,AC_B,light_rain,7,240,11,3,0,1
721,Mohanagar Express,Dhaka (Kamalapur),Chattogram,AC_S,clear,0,320,8,8,1,0
761,Sagardari Express,Khulna,Rajshahi,F_CHAIR,clear,4,280,12,9,1,0
797,Kurigram Express,Dhaka (Kamalapur),Kurigram,S_CHAIR,light_rain,19,500,15,21,0,1
788,Sonar Bangla Express,Chattogram,Dhaka (Kamalapur),SNIGDHA,cloudy,0,320,4,1,0,0
743,Brahmaputra Express,Dhaka (Kamalapur),Jamalpur,AC_B,cloudy,85,240,12,17,1,1
710,Parabat Express,Sylhet,Dhaka (Kamalapur),SNIGDHA,cloudy,10,319,11,18,1,1
722,Mohanagar Express,Chattogram,Dhaka (Kamalapur),AC_B,heavy_rain,1,320,8,9,1,1
703,Mohanagar Provati,Dhaka (Kamalapur),Chattogram,SHOVAN,light_rain,0,320,9,3,0,0
753,Silkcity Express,Dhaka (Kamalapur),Rajshahi,SHOVAN,cloudy,59,343,9,11,0,1
813,Cox's Bazar Express,Dhaka (Kamalapur),Cox's Bazar,AC_B,light_rain,0,452,6,10,0,1
813,Cox's Bazar Express,Dhaka (Kamalapur),Cox's Bazar,AC_S,clear,0,452,6,20,1,0
795,Benapole Express,Dhaka (Kamalapur),Benapole,S_CHAIR,cloudy,0,420,7,21,0,0
742,Turna Nishitha,Chattogram,Dhaka (Kamalapur),S_CHAIR,cloudy,73,320,8,15,0,1
787,Sonar Bangla Express,Dhaka (Kamalapur),Chattogram,SNIGDHA,clear,19,320,4,18,1,1
787,Sonar Bangla Express,Dhaka (Kamalapur),Chattogram,AC_S,light_rain,0,320,4,22,0,1
750,Egarosindhur Godhuli,Kishoreganj,Dhaka (Kamalapur),S_CHAIR,clear,29,135,8,21,0,1
717,Joyantika Express,Dhaka (Kamalapur),Sylhet,SHULOV,clear,10,319,13,19,1,0
750,Egarosindhur Godhuli,Kishoreganj,Dhaka (Kamalapur),F_CHAIR,heavy_rain,0,135,8,9,1,1
742,Turna Nishitha,Chattogram,Dhaka (Kamalapur),SHOVAN,clear,41,320,8,11,0,1
793,Panchagarh Express,Dhaka (Kamalapur),Panchagarh,S_CHAIR,clear,0,480,11,18,1,0
740,Upaban Express,Sylhet,Dhaka (Kamalapur),SHOVAN,clear,0,319,10,13,0,0
763,Chitra Express,Dhaka (Kamalapur),Khulna,AC_S,heavy_rain,9,405,13,13,0,1
704,Mohanagar Godhuli,Chattogram,Dhaka (Kamalapur),SNIGDHA,clear,2,320,9,23,0,0
771,Rangpur Express,Dhaka (Kamalapur),Rangpur,SHULOV,light_rain,0,465,12,15,0,0
723,Udayan Express,Sylhet,Chattogram,AC_S,heavy_rain,1,430,14,3,0,0
777,Haor Express,Dhaka (Kamalapur),Mohanganj,AC_B,light_rain,0,280,12,4,0,0
791,Banalata Express,Dhaka (Kamalapur),Rajshahi,SNIGDHA,cloudy,0,343,3,18,1,0
763,Chitra Express,Dhaka (Kamalapur),Khulna,SHULOV,cloudy,2,405,13,19,1,0
793,Panchagarh Express,Dhaka (Kamalapur),Panchagarh,AC_B,cloudy,23,480,11,4,0,1
740,Upaban Express,Sylhet,Dhaka (Kamalapur),S_CHAIR,cloudy,0,319,10,5,0,0
739,Upaban Express,Dhaka (Kamalapur),Sylhet,SHOVAN,clear,30,319,10,22,0,1
797,Kurigram Express,Dhaka (Kamalapur),Kurigram,SHOVAN,clear,0,500,15,2,0,0
719,Paharika Express,Chattogram,Sylhet,SHULOV,clear,2,430,14,21,0,0
731,Barendra Express,Rajshahi,Chilahati,S_CHAIR,heavy_rain,4,320,13,11,0,1
791,Banalata Express,Dhaka (Kamalapur),Rajshahi,SHULOV,cloudy,4,343,3,17,1,1
719,Paharika Express,Chattogram,Sylhet,AC_S,clear,3,430,14,10,0,1
764,Chitra Express,Khulna,Dhaka (Kamalapur),AC_B,clear,29,405,13,9,1,1
813,Cox's Bazar Express,Dhaka (Kamalapur),Cox's Bazar,AC_B,clear,23,452,6,23,0,0
791,Banalata Express,Dhaka (Kamalapur),Rajshahi,S_CHAIR,clear,0,343,3,9,1,0
764,Chitra Express,Khulna,Dhaka (Kamalapur),S_CHAIR,clear,29,405,13,9,1,0
814,Cox's Bazar Express,Cox's Bazar,Dhaka (Kamalapur),SHOVAN,light_rain,0,452,6,11,0,0
759,Padma Express,Dhaka (Kamalapur),Rajshahi,AC_S,light_rain,3,343,9,1,0,0
771,Rangpur Express,Dhaka (Kamalapur),Rangpur,SHOVAN,clear,75,465,12,13,0,1
813,Cox's Bazar Express,Dhaka (Kamalapur),Cox's Bazar,AC_S,clear,0,452,6,21,0,0
761,Sagardari Express,Khulna,Rajshahi,F_CHAIR,cloudy,0,280,12,8,1,1
754,Silkcity Express,Rajshahi,Dhaka (Kamalapur),SHOVAN,light_rain,0,343,9,12,0,1
706,Ekota Express,Panchagarh,Dhaka (Kamalapur),AC_B,clear,0,480,14,15,0,1
704,Mohanagar Godhuli,Chattogram,Dhaka (Kamalapur),AC_S,cloudy,25,320,9,0,0,1
741,Turna Nishitha,Dhaka (Kamalapur),Chattogram,SHULOV,clear,16,320,8,2,0,1
802,Chattala Express,Dhaka (Kamalapur),Chattogram,AC_B,clear,5,320,12,15,0,0
777,Haor Express,Dhaka (Kamalapur),Mohanganj,SHOVAN,cloudy,9,280,12,20,1,0
795,Benapole Express,Dhaka (Kamalapur),Benapole,AC_S,clear,2,420,7,16,0,0
715,Kapotaksha Express,Khulna,Rajshahi,F_CHAIR,clear,7,280,14,9,1,1
742,Turna Nishitha,Chattogram,Dhaka (Kamalapur),AC_S,light_rain,39,320,8,4,0,0
717,Joyantika Express,Dhaka (Kamalapur),Sylhet,SHOVAN,cloudy,30,319,13,2,0,0
760,Padma Express,Rajshahi,Dhaka (Kamalapur),AC_S,clear,0,343,9,6,0,0
759,Padma Express,Dhaka (Kamalapur),Rajshahi,SHULOV,clear,2,343,9,20,1,0
703,Mohanagar Provati,Dhaka (Kamalapur),Chattogram,SHOVAN,light_rain,0,320,9,20,1,1
733,Titumir Express,Rajshahi,Chilahati,F_SEAT,clear,0,320,12,19,1,0
709,Parabat Express,Dhaka (Kamalapur),Sylhet,SNIGDHA,clear,2,319,11,12,0,0
795,Benapole Express,Dhaka (Kamalapur),Benapole,AC_B,light_rain,0,420,7,21,0,1
791,Banalata Express,Dhaka (Kamalapur),Rajshahi,AC_B,light_rain,0,343,3,2,0,0
725,Sundarban Express,Dhaka (Kamalapur),Khulna,SHULOV,light_rain,2,405,11,23,0,1
771,Rangpur Express,Dhaka (Kamalapur),Rangpur,AC_B,clear,8,465,12,17,1,0
765,Nilsagar Express,Dhaka (Kamalapur),Chilahati,SHOVAN,clear,27,460,13,22,0,1
719,Paharika Express,Chattogram,Sylhet,S_CHAIR,cloudy,0,430,14,14,0,0
709,Parabat Express,Dhaka (Kamalapur),Sylhet,AC_B,light_rain,78,319,11,22,0,1
815,Parjatak Express,Dhaka (Kamalapur),Cox's Bazar,SHOVAN,cloudy,0,452,5,7,1,1
722,Mohanagar Express,Chattogram,Dhaka (Kamalapur),SHULOV,cloudy,11,320,8,5,0,0
813,Cox's Bazar Express,Dhaka (Kamalapur),Cox's Bazar,SHOVAN,light_rain,66,452,6,5,0,1
722,Mohanagar Express,Chattogram,Dhaka (Kamalapur),AC_B,clear,0,320,8,16,0,0
722,Mohanagar Express,Chattogram,Dhaka (Kamalapur),AC_B,light_rain,30,320,8,21,0,1
701,Subarna Express,Dhaka (Kamalapur),Chattogram,SHOVAN,clear,0,320,4,2,0,0
710,Parabat Express,Sylhet,Dhaka (Kamalapur),SHOVAN,clear,72,319,11,18,1,1
763,Chitra Express,Dhaka (Kamalapur),Khulna,SNIGDHA,clear,0,405,13,13,0,0
735,Agnibina Express,Dhaka (Kamalapur),Jamalpur,AC_B,clear,11,240,11,12,0,1
740,Upaban Express,Sylhet,Dhaka (Kamalapur),SNIGDHA,heavy_rain,23,319,10,10,0,1
791,Banalata Express,Dhaka (Kamalapur),Rajshahi,S_CHAIR,heavy_rain,0,343,3,0,0,1
754,Silkcity Express,Rajshahi,Dhaka (Kamalapur),SNIGDHA,light_rain,0,343,9,14,0,1
797,Kurigram Express,Dhaka (Kamalapur),Kurigram,SHOVAN,clear,0,500,15,0,0,0
814,Cox's Bazar Express,Cox's Bazar,Dhaka (Kamalapur),S_CHAIR,clear,0,452,6,17,1,0
760,Padma Express,Rajshahi,Dhaka (Kamalapur),AC_S,clear,0,343,9,13,0,0
793,Panchagarh Express,Dhaka (Kamalapur),Panchagarh,SHOVAN,clear,9,480,11,11,0,0
791,Banalata Express,Dhaka (Kamalapur),Rajshahi,AC_S,clear,29,343,3,0,0,1
702,Subarna Express,Chattogram,Dhaka (Kamalapur),AC_B,clear,85,320,4,16,0,0
813,Cox's Bazar Express,Dhaka (Kamalapur),Cox's Bazar,S_CHAIR,clear,0,452,6,18,1,1
703,Mohanagar Provati,Dhaka (Kamalapur),Chattogram,S_CHAIR,clear,0,320,9,14,0,1
727,Rupsha Express,Khulna,Chilahati,F_SEAT,cloudy,30,450,16,3,0,0
707,Tista Express,Dhaka (Kamalapur),Jamalpur,SHOVAN,clear,2,240,10,4,0,0
742,Turna Nishitha,Chattogram,Dhaka (Kamalapur),SHOVAN,heavy_rain,0,320,8,1,0,0
739,Upaban Express,Dhaka (Kamalapur),Sylhet,SHULOV,cloudy,15,319,10,11,0,1
787,Sonar Bangla Express,Dhaka (Kamalapur),Chattogram,AC_S,clear,15,320,4,4,0,0
764,Chitra Express,Khulna,Dhaka (Kamalapur),AC_B,cloudy,1,405,13,7,1,0
769,Dhumketu Express,Dhaka (Kamalapur),Rajshahi,SNIGDHA,heavy_rain,16,343,8,8,1,1
813,Cox's Bazar Express,Dhaka (Kamalapur),Cox's Bazar,SHOVAN,clear,30,452,6,8,1,1
705,Ekota Express,Dhaka (Kamalapur),Panchagarh,SHULOV,heavy_rain,9,480,14,22,0,1
769,Dhumketu Express,Dhaka (Kamalapur),Rajshahi,AC_B,clear,0,343,8,1,0,0
707,Tista Express,Dhaka (Kamalapur),Jamalpur,SHULOV,light_rain,1,240,10,0,0,0
715,Kapotaksha Express,Khulna,Rajshahi,F_BERTH,heavy_rain,0,280,14,23,0,1
709,Parabat Express,Dhaka (Kamalapur),Sylhet,S_CHAIR,clear,0,319,11,14,0,0
719,Paharika Express,Chattogram,Sylhet,SHULOV,clear,8,430,14,20,1,0
733,Titumir Express,Rajshahi,Chilahati,F_CHAIR,cloudy,20,320,12,4,0,0
769,Dhumketu Express,Dhaka (Kamalapur),Rajshahi,SHOVAN,cloudy,0,343,8,8,1,0
722,Mohanagar Express,Chattogram,Dhaka (Kamalapur),S_CHAIR,light_rain,2,320,8,4,0,1
773,Kalni Express,Dhaka (Kamalapur),Sylhet,SHOVAN,clear,0,319,8,4,0,0
797,Kurigram Express,Dhaka (Kamalapur),Kurigram,S_CHAIR,clear,13,500,15,6,0,0
750,Egarosindhur Godhuli,Kishoreganj,Dhaka (Kamalapur),F_CHAIR,clear,18,135,8,4,0,1
740,Upaban Express,Sylhet,Dhaka (Kamalapur),SHOVAN,clear,7,319,10,7,1,0
773,Kalni Express,Dhaka (Kamalapur),Sylhet,SHOVAN,cloudy,0,319,8,7,1,0
793,Panchagarh Express,Dhaka (Kamalapur),Panchagarh,SNIGDHA,clear,0,480,11,1,0,0
740,Upaban Express,Sylhet,Dhaka (Kamalapur),SHULOV,clear,0,319,10,2,0,0
815,Parjatak Express,Dhaka (Kamalapur),Cox's Bazar,SHOVAN,clear,0,452,5,10,0,0
787,Sonar Bangla Express,Dhaka (Kamalapur),Chattogram,AC_S,cloudy,73,320,4,3,0,1
704,Mohanagar Godhuli,Chattogram,Dhaka (Kamalapur),AC_B,cloudy,9,320,9,21,0,0
717,Joyantika Express,Dhaka (Kamalapur),Sylhet,SHULOV,heavy_rain,7,319,13,5,0,1
797,Kurigram Express,Dhaka (Kamalapur),Kurigram,F_CHAIR,light_rain,75,500,15,21,0,1
704,Mohanagar Godhuli,Chattogram,Dhaka (Kamalapur),SHULOV,clear,21,320,9,18,1,0
701,Subarna Express,Dhaka (Kamalapur),Chattogram,AC_S,light_rain,0,320,4,6,0,0
753,Silkcity Express,Dhaka (Kamalapur),Rajshahi,SHULOV,cloudy,10,343,9,19,1,0
787,Sonar Bangla Express,Dhaka (Kamalapur),Chattogram,AC_S,clear,0,320,4,19,1,0
737,Egarosindhur Provati,Dhaka (Kamalapur),Kishoreganj,SHULOV,cloudy,0,135,8,2,0,0
717,Joyantika Express,Dhaka (Kamalapur),Sylhet,SHULOV,cloudy,5,319,13,18,1,1
741,Turna Nishitha,Dhaka (Kamalapur),Chattogram,AC_B,light_rain,7,320,8,9,1,0
793,Panchagarh Express,Dhaka (Kamalapur),Panchagarh,SHOVAN,light_rain,4,480,11,5,0,1
761,Sagardari Express,Khulna,Rajshahi,F_SEAT,light_rain,0,280,12,12,0,1
764,Chitra Express,Khulna,Dhaka (Kamalapur),SHOVAN,heavy_rain,1,405,13,17,1,1
737,Egarosindhur Provati,Dhaka (Kamalapur),Kishoreganj,S_CHAIR,cloudy,0,135,8,22,0,0
815,Parjatak Express,Dhaka (Kamalapur),Cox's Bazar,SHULOV,clear,5,452,5,11,0,1
760,Padma Express,Rajshahi,Dhaka (Kamalapur),S_CHAIR,cloudy,0,343,9,5,0,0
703,Mohanagar Provati,Dhaka (Kamalapur),Chattogram,S_CHAIR,clear,0,320,9,12,0,0
706,Ekota Express,Panchagarh,Dhaka (Kamalapur),SNIGDHA,clear,73,480,14,22,0,1
709,Parabat Express,Dhaka (Kamalapur),Sylhet,SNIGDHA,clear,2,319,11,1,0,0
769,Dhumketu Express,Dhaka (Kamalapur),Rajshahi,SHULOV,clear,4,343,8,17,1,0
739,Upaban Express,Dhaka (Kamalapur),Sylhet,AC_S,clear,0,319,10,7,1,0
701,Subarna Express,Dhaka (Kamalapur),Chattogram,SNIGDHA,light_rain,6,320,4,18,1,0
725,Sundarban Express,Dhaka (Kamalapur),Khulna,SNIGDHA,light_rain,3,405,11,18,1,1
760,Padma Express,Rajshahi,Dhaka (Kamalapur),AC_B,clear,24,343,9,5,0,0
742,Turna Nishitha,Chattogram,Dhaka (Kamalapur),S_CHAIR,clear,0,320,8,14,0,0
741,Turna Nishitha,Dhaka (Kamalapur),Chattogram,AC_B,light_rain,0,320,8,5,0,0
701,Subarna Express,Dhaka (Kamalapur),Chattogram,AC_S,clear,14,320,4,23,0,1
705,Ekota Express,Dhaka (Kamalapur),Panchagarh,AC_B,cloudy,0,480,14,3,0,0
795,Benapole Express,Dhaka (Kamalapur),Benapole,S_CHAIR,clear,6,420,7,23,0,0
727,Rupsha Express,Khulna,Chilahati,S_CHAIR,cloudy,8,450,16,12,0,1
788,Sonar Bangla Express,Chattogram,Dhaka (Kamalapur),AC_S,light_rain,28,320,4,19,1,1
759,Padma Express,Dhaka (Kamalapur),Rajshahi,SHOVAN,heavy_rain,29,343,9,16,0,1
773,Kalni Express,Dhaka (Kamalapur),Sylhet,AC_B,cloudy,9,319,8,15,0,1
757,Drutojan Express,Dhaka (Kamalapur),Panchagarh,AC_S,cloudy,71,480,13,7,1,0
788,Sonar Bangla Express,Chattogram,Dhaka (Kamalapur),AC_S,clear,5,320,4,23,0,0
705,Ekota Express,Dhaka (Kamalapur),Panchagarh,SHULOV,clear,7,480,14,6,0,0
727,Rupsha Express,Khulna,Chilahati,SHULOV,cloudy,0,450,16,1,0,0
742,Turna Nishitha,Chattogram,Dhaka (Kamalapur),AC_S,light_rain,0,320,8,4,0,1
754,Silkcity Express,Rajshahi,Dhaka (Kamalapur),SHULOV,clear,0,343,9,1,0,0
701,Subarna Express,Dhaka (Kamalapur),Chattogram,SHULOV,heavy_rain,22,320,4,7,1,1
726,Sundarban Express,Khulna,Dhaka (Kamalapur),SNIGDHA,clear,0,405,11,4,0,0
707,Tista Express,Dhaka (Kamalapur),Jamalpur,AC_S,heavy_rain,24,240,10,21,0,1
773,Kalni Express,Dhaka (Kamalapur),Sylhet,S_CHAIR,light_rain,1,319,8,16,0,0
702,Subarna Express,Chattogram,Dhaka (Kamalapur),SNIGDHA,clear,9,320,4,12,0,0
715,Kapotaksha Express,Khulna,Rajshahi,F_SEAT,heavy_rain,0,280,14,11,0,0
769,Dhumketu Express,Dhaka (Kamalapur),Rajshahi,S_CHAIR,cloudy,1,343,8,4,0,0
760,Padma Express,Rajshahi,Dhaka (Kamalapur),SNIGDHA,clear,29,343,9,8,1,1
791,Banalata Express,Dhaka (Kamalapur),Rajshahi,S_CHAIR,heavy_rain,0,343,3,7,1,1
773,Kalni Express,Dhaka (Kamalapur),Sylhet,SHULOV,cloudy,0,319,8,5,0,0
722,Mohanagar Express,Chattogram,Dhaka (Kamalapur),AC_B,clear,19,320,8,21,0,0
723,Udayan Express,Sylhet,Chattogram,SHULOV,cloudy,0,430,14,21,0,0
787,Sonar Bangla Express,Dhaka (Kamalapur),Chattogram,SNIGDHA,cloudy,10,320,4,13,0,1
773,Kalni Express,Dhaka (Kamalapur),Sylhet,SHULOV,clear,0,319,8,7,1,0
710,Parabat Express,Sylhet,Dhaka (Kamalapur),AC_S,cloudy,25,319,11,21,0,0
709,Parabat Express,Dhaka (Kamalapur),Sylhet,AC_S,clear,4,319,11,2,0,0
743,Brahmaputra Express,Dhaka (Kamalapur),Jamalpur,SHOVAN,cloudy,0,240,12,14,0,0
777,Haor Express,Dhaka (Kamalapur),Mohanganj,SHOVAN,cloudy,0,280,12,18,1,0
740,Upaban Express,Sylhet,Dhaka (Kamalapur),SHULOV,light_rain,54,319,10,13,0,1
740,Upaban Express,Sylhet,Dhaka (Kamalapur),S_CHAIR,clear,55,319,10,2,0,0
741,Turna Nishitha,Dhaka (Kamalapur),Chattogram,AC_B,clear,0,320,8,0,0,0
797,Kurigram Express,Dhaka (Kamalapur),Kurigram,F_CHAIR,cloudy,0,500,15,4,0,0
765,Nilsagar Express,Dhaka (Kamalapur),Chilahati,S_CHAIR,clear,16,460,13,7,1,0
740,Upaban Express,Sylhet,Dhaka (Kamalapur),AC_S,clear,0,319,10,3,0,0
743,Brahmaputra Express,Dhaka (Kamalapur),Jamalpur,SNIGDHA,cloudy,17,240,12,5,0,0
773,Kalni Express,Dhaka (Kamalapur),Sylhet,SNIGDHA,light_rain,4,319,8,7,1,1
721,Mohanagar Express,Dhaka (Kamalapur),Chattogram,SHULOV,light_rain,1,320,8,3,0,0
753,Silkcity Express,Dhaka (Kamalapur),Rajshahi,AC_S,clear,2,343,9,14,0,0
740,Upaban Express,Sylhet,Dhaka (Kamalapur),SNIGDHA,clear,19,319,10,13,0,0
726,Sundarban Express,Khulna,Dhaka (Kamalapur),SNIGDHA,clear,0,405,11,20,1,0
735,Agnibina Express,Dhaka (Kamalapur),Jamalpur,AC_B,cloudy,7,240,11,4,0,0
725,Sundarban Express,Dhaka (Kamalapur),Khulna,AC_S,cloudy,0,405,11,14,0,0
788,Sonar Bangla Express,Chattogram,Dhaka (Kamalapur),SNIGDHA,light_rain,0,320,4,17,1,0
754,Silkcity Express,Rajshahi,Dhaka (Kamalapur),SNIGDHA,cloudy,32,343,9,15,0,1
741,Turna Nishitha,Dhaka (Kamalapur),Chattogram,AC_B,clear,25,320,8,6,0,1
773,Kalni Express,Dhaka (Kamalapur),Sylhet,AC_S,heavy_rain,0,319,8,20,1,1
802,Chattala Express,Dhaka (Kamalapur),Chattogram,AC_B,clear,0,320,12,22,0,0
813,Cox's Bazar Express,Dhaka (Kamalapur),Cox's Bazar,SHULOV,clear,3,452,6,15,0,0
750,Egarosindhur Godhuli,Kishoreganj,Dhaka (Kamalapur),F_CHAIR,heavy_rain,0,135,8,5,0,0
725,Sundarban Express,Dhaka (Kamalapur),Khulna,AC_S,cloudy,4,405,11,0,0,0
777,Haor Express,Dhaka (Kamalapur),Mohanganj,SHULOV,light_rain,0,280,12,13,0,0
787,Sonar Bangla Express,Dhaka (Kamalapur),Chattogram,AC_S,clear,0,320,4,5,0,0
722,Mohanagar Express,Chattogram,Dhaka (Kamalapur),SHOVAN,light_rain,0,320,8,15,0,0
753,Silkcity Express,Dhaka (Kamalapur),Rajshahi,SHULOV,light_rain,88,343,9,21,0,0
737,Egarosindhur Provati,Dhaka (Kamalapur),Kishoreganj,F_BERTH,heavy_rain,8,135,8,8,1,1
760,Padma Express,Rajshahi,Dhaka (Kamalapur),S_CHAIR,clear,0,343,9,6,0,0
742,Turna Nishitha,Chattogram,Dhaka (Kamalapur),AC_S,light_rain,0,320,8,19,1,0
753,Silkcity Express,Dhaka (Kamalapur),Rajshahi,SHOVAN,heavy_rain,15,343,9,21,0,1
750,Egarosindhur Godhuli,Kishoreganj,Dhaka (Kamalapur),F_CHAIR,clear,16,135,8,10,0,0
759,Padma Express,Dhaka (Kamalapur),Rajshahi,AC_S,light_rain,18,343,9,3,0,1
735,Agnibina Express,Dhaka (Kamalapur),Jamalpur,S_CHAIR,clear,4,240,11,7,1,0
731,Barendra Express,Rajshahi,Chilahati,F_BERTH,cloudy,15,320,13,2,0,0
760,Padma Express,Rajshahi,Dhaka (Kamalapur),SHULOV,clear,5,343,9,23,0,0
703,Mohanagar Provati,Dhaka (Kamalapur),Chattogram,SNIGDHA,cloudy,0,320,9,18,1,1
793,Panchagarh Express,Dhaka (Kamalapur),Panchagarh,SHULOV,clear,0,480,11,2,0,0
723,Udayan Express,Sylhet,Chattogram,SNIGDHA,clear,1,430,14,18,1,0
815,Parjatak Express,Dhaka (Kamalapur),Cox's Bazar,SHOVAN,clear,26,452,5,1,0,1
741,Turna Nishitha,Dhaka (Kamalapur),Chattogram,AC_B,clear,0,320,8,19,1,0
741,Turna Nishitha,Dhaka (Kamalapur),Chattogram,SHULOV,cloudy,35,320,8,18,1,0
797,Kurigram Express,Dhaka (Kamalapur),Kurigram,S_CHAIR,cloudy,0,500,15,16,0,1
791,Banalata Express,Dhaka (Kamalapur),Rajshahi,S_CHAIR,light_rain,4,343,3,5,0,0
735,Agnibina Express,Dhaka (Kamalapur),Jamalpur,AC_B,cloudy,0,240,11,15,0,0
710,Parabat Express,Sylhet,Dhaka (Kamalapur),SHULOV,heavy_rain,0,319,11,2,0,1
773,Kalni Express,Dhaka (Kamalapur),Sylhet,AC_S,clear,0,319,8,7,1,1
722,Mohanagar Express,Chattogram,Dhaka (Kamalapur),SHOVAN,clear,22,320,8,8,1,0
726,Sundarban Express,Khulna,Dhaka (Kamalapur),SNIGDHA,cloudy,0,405,11,17,1,0
706,Ekota Express,Panchagarh,Dhaka (Kamalapur),SHULOV,light_rain,8,480,14,18,1,1
704,Mohanagar Godhuli,Chattogram,Dhaka (Kamalapur),S_CHAIR,light_rain,7,320,9,1,0,1
702,Subarna Express,Chattogram,Dhaka (Kamalapur),S_CHAIR,clear,0,320,4,18,1,0
765,Nilsagar Express,Dhaka (Kamalapur),Chilahati,S_CHAIR,cloudy,0,460,13,20,1,0
765,Nilsagar Express,Dhaka (Kamalapur),Chilahati,SHULOV,clear,6,460,13,18,1,1
754,Silkcity Express,Rajshahi,Dhaka (Kamalapur),SNIGDHA,clear,0,343,9,6,0,0
704,Mohanagar Godhuli,Chattogram,Dhaka (Kamalapur),SNIGDHA,cloudy,9,320,9,18,1,0
753,Silkcity Express,Dhaka (Kamalapur),Rajshahi,SNIGDHA,clear,50,343,9,8,1,0
717,Joyantika Express,Dhaka (Kamalapur),Sylhet,SHULOV,clear,13,319,13,19,1,0
771,Rangpur Express,Dhaka (Kamalapur),Rangpur,SHOVAN,clear,10,465,12,8,1,0
709,Parabat Express,Dhaka (Kamalapur),Sylhet,SHOVAN,light_rain,0,319,11,21,0,0
802,Chattala Express,Dhaka (Kamalapur),Chattogram,AC_S,clear,0,320,12,19,1,0
815,Parjatak Express,Dhaka (Kamalapur),Cox's Bazar,SHOVAN,cloudy,27,452,5,8,1,1
701,Subarna Express,Dhaka (Kamalapur),Chattogram,SHOVAN,clear,16,320,4,1,0,1
705,Ekota Express,Dhaka (Kamalapur),Panchagarh,SNIGDHA,clear,0,480,14,18,1,0
787,Sonar Bangla Express,Dhaka (Kamalapur),Chattogram,AC_B,clear,0,320,4,9,1,1
750,Egarosindhur Godhuli,Kishoreganj,Dhaka (Kamalapur),SHOVAN,clear,11,135,8,11,0,0
815,Parjatak Express,Dhaka (Kamalapur),Cox's Bazar,SHULOV,light_rain,0,452,5,22,0,1
766,Nilsagar Express,Chilahati,Dhaka (Kamalapur),SNIGDHA,cloudy,66,460,13,2,0,1
703,Mohanagar Provati,Dhaka (Kamalapur),Chattogram,SNIGDHA,cloudy,0,320,9,10,0,0
703,Mohanagar Provati,Dhaka (Kamalapur),Chattogram,AC_S,heavy_rain,22,320,9,9,1,1
769,Dhumketu Express,Dhaka (Kamalapur),Rajshahi,AC_S,heavy_rain,0,343,8,9,1,1
769,Dhumketu Express,Dhaka (Kamalapur),Rajshahi,AC_S,cloudy,1,343,8,22,0,0
777,Haor Express,Dhaka (Kamalapur),Mohanganj,SHULOV,light_rain,0,280,12,17,1,0
707,Tista Express,Dhaka (Kamalapur),Jamalpur,SNIGDHA,cloudy,0,240,10,18,1,1
715,Kapotaksha Express,Khulna,Rajshahi,SHULOV,clear,0,280,14,14,0,0
773,Kalni Express,Dhaka (Kamalapur),Sylhet,AC_S,light_rain,0,319,8,11,0,1
757,Drutojan Express,Dhaka (Kamalapur),Panchagarh,SHOVAN,heavy_rain,0,480,13,10,0,1
761,Sagardari Express,Khulna,Rajshahi,F_SEAT,clear,3,280,12,7,1,1
723,Udayan Express,Sylhet,Chattogram,S_CHAIR,cloudy,17,430,14,7,1,1
769,Dhumketu Express,Dhaka (Kamalapur),Rajshahi,S_CHAIR,clear,0,343,8,0,0,0
731,Barendra Express,Rajshahi,Chilahati,S_CHAIR,cloudy,21,320,13,1,0,0
815,Parjatak Express,Dhaka (Kamalapur),Cox's Bazar,AC_B,clear,3,452,5,8,1,1
702,Subarna Express,Chattogram,Dhaka (Kamalapur),AC_S,clear,0,320,4,14,0,0
766,Nilsagar Express,Chilahati,Dhaka (Kamalapur),SHULOV,light_rain,1,460,13,5,0,1
788,Sonar Bangla Express,Chattogram,Dhaka (Kamalapur),AC_S,clear,19,320,4,14,0,0
763,Chitra Express,Dhaka (Kamalapur),Khulna,SHULOV,cloudy,0,405,13,3,0,0
813,Cox's Bazar Express,Dhaka (Kamalapur),Cox's Bazar,SNIGDHA,clear,0,452,6,14,0,0
793,Panchagarh Express,Dhaka (Kamalapur),Panchagarh,AC_S,clear,0,480,11,1,0,0
777,Haor Express,Dhaka (Kamalapur),Mohanganj,SNIGDHA,clear,0,280,12,16,0,0
710,Parabat Express,Sylhet,Dhaka (Kamalapur),S_CHAIR,clear,4,319,11,2,0,1
704,Mohanagar Godhuli,Chattogram,Dhaka (Kamalapur),AC_B,heavy_rain,60,320,9,1,0,1
777,Haor Express,Dhaka (Kamalapur),Mohanganj,SHOVAN,clear,12,280,12,2,0,1
764,Chitra Express,Khulna,Dhaka (Kamalapur),SNIGDHA,cloudy,0,405,13,18,1,0
777,Haor Express,Dhaka (Kamalapur),Mohanganj,SNIGDHA,clear,0,280,12,5,0,0
759,Padma Express,Dhaka (Kamalapur),Rajshahi,SHULOV,clear,0,343,9,0,0,0
742,Turna Nishitha,Chattogram,Dhaka (Kamalapur),AC_B,clear,21,320,8,18,1,1
814,Cox's Bazar Express,Cox's Bazar,Dhaka (Kamalapur),AC_S,cloudy,0,452,6,9,1,0
702,Subarna Express,Chattogram,Dhaka (Kamalapur),SNIGDHA,cloudy,9,320,4,10,0,0
715,Kapotaksha Express,Khulna,Rajshahi,F_SEAT,clear,0,280,14,16,0,1
731,Barendra Express,Rajshahi,Chilahati,F_CHAIR,clear,8,320,13,5,0,0
815,Parjatak Express,Dhaka (Kamalapur),Cox's Bazar,AC_S,heavy_rain,0,452,5,5,0,1
719,Paharika Express,Chattogram,Sylhet,AC_S,clear,0,430,14,2,0,0
704,Mohanagar Godhuli,Chattogram,Dhaka (Kamalapur),AC_S,light_rain,0,320,9,23,0,1
717,Joyantika Express,Dhaka (Kamalapur),Sylhet,AC_B,clear,0,319,13,10,0,0
766,Nilsagar Express,Chilahati,Dhaka (Kamalapur),S_CHAIR,clear,4,460,13,4,0,1
797,Kurigram Express,Dhaka (Kamalapur),Kurigram,SHULOV,clear,0,500,15,10,0,0
702,Subarna Express,Chattogram,Dhaka (Kamalapur),SHULOV,cloudy,0,320,4,3,0,0
787,Sonar Bangla Express,Dhaka (Kamalapur),Chattogram,AC_B,clear,18,320,4,2,0,1
742,Turna Nishitha,Chattogram,Dhaka (Kamalapur),AC_B,heavy_rain,3,320,8,16,0,0
737,Egarosindhur Provati,Dhaka (Kamalapur),Kishoreganj,F_CHAIR,cloudy,0,135,8,12,0,1
761,Sagardari Express,Khulna,Rajshahi,SHOVAN,clear,0,280,12,12,0,0
741,Turna Nishitha,Dhaka (Kamalapur),Chattogram,SHULOV,clear,67,320,8,15,0,1
710,Parabat Express,Sylhet,Dhaka (Kamalapur),SNIGDHA,cloudy,49,319,11,12,0,0
722,Mohanagar Express,Chattogram,Dhaka (Kamalapur),SHOVAN,clear,3,320,8,3,0,0
791,Banalata Express,Dhaka (Kamalapur),Rajshahi,AC_S,clear,0,343,3,2,0,0
739,Upaban Express,Dhaka (Kamalapur),Sylhet,SHOVAN,clear,0,319,10,16,0,0
777,Haor Express,Dhaka (Kamalapur),Mohanganj,AC_B,clear,25,280,12,13,0,0
797,Kurigram Express,Dhaka (Kamalapur),Kurigram,F_CHAIR,cloudy,0,500,15,22,0,0
702,Subarna Express,Chattogram,Dhaka (Kamalapur),AC_B,clear,0,320,4,22,0,0
788,Sonar Bangla Express,Chattogram,Dhaka (Kamalapur),AC_B,clear,0,320,4,17,1,0
701,Subarna Express,Dhaka (Kamalapur),Chattogram,SNIGDHA,cloudy,0,320,4,16,0,0
701,Subarna Express,Dhaka (Kamalapur),Chattogram,SNIGDHA,cloudy,24,320,4,5,0,0
797,Kurigram Express,Dhaka (Kamalapur),Kurigram,F_BERTH,clear,0,500,15,14,0,0
709,Parabat Express,Dhaka (Kamalapur),Sylhet,AC_S,light_rain,27,319,11,21,0,0
815,Parjatak Express,Dhaka (Kamalapur),Cox's Bazar,S_CHAIR,clear,2,452,5,20,1,0
761,Sagardari Express,Khulna,Rajshahi,S_CHAIR,clear,0,280,12,9,1,1
703,Mohanagar Provati,Dhaka (Kamalapur),Chattogram,AC_S,clear,16,320,9,22,0,1
706,Ekota Express,Panchagarh,Dhaka (Kamalapur),SHOVAN,cloudy,0,480,14,23,0,0
705,Ekota Express,Dhaka (Kamalapur),Panchagarh,S_CHAIR,clear,0,480,14,12,0,1
761,Sagardari Express,Khulna,Rajshahi,SHULOV,cloudy,10,280,12,17,1,0
740,Upaban Express,Sylhet,Dhaka (Kamalapur),AC_S,light_rain,10,319,10,13,0,0
777,Haor Express,Dhaka (Kamalapur),Mohanganj,AC_B,clear,24,280,12,20,1,0
753,Silkcity Express,Dhaka (Kamalapur),Rajshahi,SHULOV,cloudy,0,343,9,11,0,0
706,Ekota Express,Panchagarh,Dhaka (Kamalapur),S_CHAIR,light_rain,22,480,14,4,0,1
797,Kurigram Express,Dhaka (Kamalapur),Kurigram,SHOVAN,cloudy,0,500,15,8,1,0
701,Subarna Express,Dhaka (Kamalapur),Chattogram,S_CHAIR,cloudy,3,320,4,14,0,0
761,Sagardari Express,Khulna,Rajshahi,SHOVAN,clear,10,280,12,18,1,0
757,Drutojan Express,Dhaka (Kamalapur),Panchagarh,AC_B,cloudy,10,480,13,15,0,0
797,Kurigram Express,Dhaka (Kamalapur),Kurigram,SHOVAN,clear,0,500,15,19,1,0
722,Mohanagar Express,Chattogram,Dhaka (Kamalapur),S_CHAIR,cloudy,64,320,8,10,0,0
706,Ekota Express,Panchagarh,Dhaka (Kamalapur),SHOVAN,clear,7,480,14,0,0,0
733,Titumir Express,Rajshahi,Chilahati,SHOVAN,clear,0,320,12,5,0,0
787,Sonar Bangla Express,Dhaka (Kamalapur),Chattogram,AC_B,clear,0,320,4,17,1,1
706,Ekota Express,Panchagarh,Dhaka (Kamalapur),AC_S,clear,0,480,14,7,1,0
765,Nilsagar Express,Dhaka (Kamalapur),Chilahati,SHOVAN,clear,0,460,13,17,1,0
727,Rupsha Express,Khulna,Chilahati,S_CHAIR,clear,0,450,16,7,1,0
725,Sundarban Express,Dhaka (Kamalapur),Khulna,SNIGDHA,light_rain,0,405,11,11,0,0
760,Padma Express,Rajshahi,Dhaka (Kamalapur),AC_B,cloudy,0,343,9,11,0,1
739,Upaban Express,Dhaka (Kamalapur),Sylhet,SHOVAN,clear,28,319,10,9,1,1
795,Benapole Express,Dhaka (Kamalapur),Benapole,S_CHAIR,light_rain,0,420,7,13,0,0
702,Subarna Express,Chattogram,Dhaka (Kamalapur),AC_B,cloudy,24,320,4,3,0,1
717,Joyantika Express,Dhaka (Kamalapur),Sylhet,SNIGDHA,heavy_rain,5,319,13,1,0,1
723,Udayan Express,Sylhet,Chattogram,S_CHAIR,cloudy,0,430,14,1,0,0
741,Turna Nishitha,Dhaka (Kamalapur),Chattogram,AC_B,clear,0,320,8,15,0,0
731,Barendra Express,Rajshahi,Chilahati,F_SEAT,clear,0,320,13,7,1,0
743,Brahmaputra Express,Dhaka (Kamalapur),Jamalpur,SNIGDHA,clear,0,240,12,12,0,0
733,Titumir Express,Rajshahi,Chilahati,F_CHAIR,clear,0,320,12,3,0,0
706,Ekota Express,Panchagarh,Dhaka (Kamalapur),AC_S,clear,0,480,14,23,0,1
777,Haor Express,Dhaka (Kamalapur),Mohanganj,SHOVAN,clear,4,280,12,2,0,1
737,Egarosindhur Provati,Dhaka (Kamalapur),Kishoreganj,S_CHAIR,clear,0,135,8,8,1,0
710,Parabat Express,Sylhet,Dhaka (Kamalapur),SHOVAN,clear,0,319,11,5,0,0
735,Agnibina Express,Dhaka (Kamalapur),Jamalpur,SNIGDHA,clear,0,240,11,16,0,0
704,Mohanagar Godhuli,Chattogram,Dhaka (Kamalapur),S_CHAIR,clear,12,320,9,1,0,0
739,Upaban Express,Dhaka (Kamalapur),Sylhet,S_CHAIR,cloudy,5,319,10,20,1,0
773,Kalni Express,Dhaka (Kamalapur),Sylhet,S_CHAIR,light_rain,14,319,8,14,0,0
777,Haor Express,Dhaka (Kamalapur),Mohanganj,SHOVAN,cloudy,20,280,12,6,0,1
795,Benapole Express,Dhaka (Kamalapur),Benapole,SHOVAN,clear,0,420,7,2,0,1
814,Cox's Bazar Express,Cox's Bazar,Dhaka (Kamalapur),AC_S,light_rain,0,452,6,1,0,0
813,Cox's Bazar Express,Dhaka (Kamalapur),Cox's Bazar,SHOVAN,clear,0,452,6,0,0,0
813,Cox's Bazar Express,Dhaka (Kamalapur),Cox's Bazar,SNIGDHA,cloudy,0,452,6,9,1,0
815,Parjatak Express,Dhaka (Kamalapur),Cox's Bazar,SNIGDHA,cloudy,0,452,5,18,1,0
735,Agnibina Express,Dhaka (Kamalapur),Jamalpur,S_CHAIR,clear,0,240,11,15,0,0
802,Chattala Express,Dhaka (Kamalapur),Chattogram,SHOVAN,light_rain,0,320,12,12,0,0
739,Upaban Express,Dhaka (Kamalapur),Sylhet,S_CHAIR,cloudy,0,319,10,19,1,0
702,Subarna Express,Chattogram,Dhaka (Kamalapur),SHULOV,clear,1,320,4,15,0,1
709,Parabat Express,Dhaka (Kamalapur),Sylhet,SHULOV,cloudy,0,319,11,19,1,0
717,Joyantika Express,Dhaka (Kamalapur),Sylhet,AC_S,cloudy,78,319,13,16,0,0
743,Brahmaputra Express,Dhaka (Kamalapur),Jamalpur,SHOVAN,cloudy,0,240,12,11,0,0
723,Udayan Express,Sylhet,Chattogram,SHULOV,cloudy,39,430,14,23,0,1
813,Cox's Bazar Express,Dhaka (Kamalapur),Cox's Bazar,AC_S,clear,0,452,6,21,0,0
703,Mohanagar Provati,Dhaka (Kamalapur),Chattogram,AC_S,clear,9,320,9,14,0,0
723,Udayan Express,Sylhet,Chattogram,SHOVAN,cloudy,0,430,14,8,1,1
764,Chitra Express,Khulna,Dhaka (Kamalapur),AC_S,cloudy,0,405,13,23,0,1
705,Ekota Express,Dhaka (Kamalapur),Panchagarh,SHOVAN,clear,28,480,14,18,1,0
764,Chitra Express,Khulna,Dhaka (Kamalapur),SHOVAN,clear,29,405,13,0,0,0
750,Egarosindhur Godhuli,Kishoreganj,Dhaka (Kamalapur),SHOVAN,cloudy,0,135,8,1,0,0
791,Banalata Express,Dhaka (Kamalapur),Rajshahi,S_CHAIR,cloudy,4,343,3,21,0,0
761,Sagardari Express,Khulna,Rajshahi,F_BERTH,light_rain,11,280,12,10,0,0
702,Subarna Express,Chattogram,Dhaka (Kamalapur),SHULOV,cloudy,29,320,4,2,0,0
706,Ekota Express,Panchagarh,Dhaka (Kamalapur),AC_S,light_rain,8,480,14,10,0,1
791,Banalata Express,Dhaka (Kamalapur),Rajshahi,AC_B,cloudy,0,343,3,3,0,0
787,Sonar Bangla Express,Dhaka (Kamalapur),Chattogram,AC_S,clear,3,320,4,6,0,0
777,Haor Express,Dhaka (Kamalapur),Mohanganj,SHOVAN,cloudy,23,280,12,2,0,1
750,Egarosindhur Godhuli,Kishoreganj,Dhaka (Kamalapur),SHOVAN,clear,0,135,8,19,1,1
723,Udayan Express,Sylhet,Chattogram,SHOVAN,clear,7,430,14,9,1,1
707,Tista Express,Dhaka (Kamalapur),Jamalpur,SNIGDHA,light_rain,0,240,10,5,0,0
722,Mohanagar Express,Chattogram,Dhaka (Kamalapur),AC_B,clear,4,320,8,21,0,0
710,Parabat Express,Sylhet,Dhaka (Kamalapur),S_CHAIR,cloudy,0,319,11,19,1,0
759,Padma Express,Dhaka (Kamalapur),Rajshahi,S_CHAIR,clear,0,343,9,12,0,0
737,Egarosindhur Provati,Dhaka (Kamalapur),Kishoreganj,SHULOV,clear,70,135,8,14,0,1
815,Parjatak Express,Dhaka (Kamalapur),Cox's Bazar,SNIGDHA,cloudy,0,452,5,11,0,1
743,Brahmaputra Express,Dhaka (Kamalapur),Jamalpur,SHOVAN,cloudy,0,240,12,4,0,0
741,Turna Nishitha,Dhaka (Kamalapur),Chattogram,SHOVAN,light_rain,0,320,8,3,0,0
766,Nilsagar Express,Chilahati,Dhaka (Kamalapur),SNIGDHA,light_rain,1,460,13,1,0,1
777,Haor Express,Dhaka (Kamalapur),Mohanganj,SHULOV,light_rain,0,280,12,17,1,1
797,Kurigram Express,Dhaka (Kamalapur),Kurigram,SHOVAN,cloudy,79,500,15,3,0,1
731,Barendra Express,Rajshahi,Chilahati,F_CHAIR,cloudy,0,320,13,14,0,0
707,Tista Express,Dhaka (Kamalapur),Jamalpur,S_CHAIR,light_rain,0,240,10,12,0,0
731,Barendra Express,Rajshahi,Chilahati,SHULOV,light_rain,50,320,13,18,1,1
703,Mohanagar Provati,Dhaka (Kamalapur),Chattogram,SHOVAN,cloudy,9,320,9,11,0,1
709,Parabat Express,Dhaka (Kamalapur),Sylhet,AC_S,clear,25,319,11,3,0,1
701,Subarna Express,Dhaka (Kamalapur),Chattogram,SHOVAN,light_rain,17,320,4,13,0,1
741,Turna Nishitha,Dhaka (Kamalapur),Chattogram,S_CHAIR,clear,33,320,8,2,0,1
709,Parabat Express,Dhaka (Kamalapur),Sylhet,AC_B,cloudy,0,319,11,8,1,1
788,Sonar Bangla Express,Chattogram,Dhaka (Kamalapur),SNIGDHA,cloudy,10,320,4,5,0,0
710,Parabat Express,Sylhet,Dhaka (Kamalapur),SHOVAN,cloudy,1,319,11,9,1,0
742,Turna Nishitha,Chattogram,Dhaka (Kamalapur),AC_S,light_rain,9,320,8,23,0,1
759,Padma Express,Dhaka (Kamalapur),Rajshahi,SNIGDHA,light_rain,0,343,9,11,0,0
773,Kalni Express,Dhaka (Kamalapur),Sylhet,AC_S,clear,19,319,8,20,1,1
721,Mohanagar Express,Dhaka (Kamalapur),Chattogram,AC_B,cloudy,0,320,8,12,0,1
759,Padma Express,Dhaka (Kamalapur),Rajshahi,AC_S,clear,0,343,9,22,0,1
742,Turna Nishitha,Chattogram,Dhaka (Kamalapur),AC_B,clear,18,320,8,13,0,1
754,Silkcity Express,Rajshahi,Dhaka (Kamalapur),AC_S,clear,0,343,9,14,0,0
788,Sonar Bangla Express,Chattogram,Dhaka (Kamalapur),AC_B,cloudy,3,320,4,0,0,0
797,Kurigram Express,Dhaka (Kamalapur),Kurigram,S_CHAIR,clear,0,500,15,3,0,0
765,Nilsagar Express,Dhaka (Kamalapur),Chilahati,AC_B,cloudy,0,460,13,4,0,1
739,Upaban Express,Dhaka (Kamalapur),Sylhet,SNIGDHA,light_rain,0,319,10,15,0,1
715,Kapotaksha Express,Khulna,Rajshahi,F_BERTH,cloudy,0,280,14,13,0,0
709,Parabat Express,Dhaka (Kamalapur),Sylhet,SNIGDHA,clear,0,319,11,20,1,1
813,Cox's Bazar Express,Dhaka (Kamalapur),Cox's Bazar,AC_S,light_rain,40,452,6,21,0,1
773,Kalni Express,Dhaka (Kamalapur),Sylhet,SHULOV,light_rain,8,319,8,6,0,1
793,Panchagarh Express,Dhaka (Kamalapur),Panchagarh,SNIGDHA,clear,0,480,11,20,1,0
750,Egarosindhur Godhuli,Kishoreganj,Dhaka (Kamalapur),SHOVAN,clear,19,135,8,11,0,0
759,Padma Express,Dhaka (Kamalapur),Rajshahi,AC_B,clear,0,343,9,17,1,0
802,Chattala Express,Dhaka (Kamalapur),Chattogram,S_CHAIR,cloudy,7,320,12,17,1,1
757,Drutojan Express,Dhaka (Kamalapur),Panchagarh,S_CHAIR,light_rain,0,480,13,12,0,0
795,Benapole Express,Dhaka (Kamalapur),Benapole,SHOVAN,clear,0,420,7,7,1,0
704,Mohanagar Godhuli,Chattogram,Dhaka (Kamalapur),SHOVAN,clear,1,320,9,18,1,0
787,Sonar Bangla Express,Dhaka (Kamalapur),Chattogram,AC_B,clear,9,320,4,23,0,0
733,Titumir Express,Rajshahi,Chilahati,F_CHAIR,heavy_rain,0,320,12,8,1,0
795,Benapole Express,Dhaka (Kamalapur),Benapole,AC_S,clear,0,420,7,13,0,0
701,Subarna Express,Dhaka (Kamalapur),Chattogram,AC_S,clear,3,320,4,21,0,1
701,Subarna Express,Dhaka (Kamalapur),Chattogram,SNIGDHA,light_rain,0,320,4,1,0,0
759,Padma Express,Dhaka (Kamalapur),Rajshahi,AC_S,light_rain,7,343,9,19,1,1
765,Nilsagar Express,Dhaka (Kamalapur),Chilahati,SHOVAN,heavy_rain,0,460,13,0,0,0
704,Mohanagar Godhuli,Chattogram,Dhaka (Kamalapur),S_CHAIR,cloudy,3,320,9,6,0,0
766,Nilsagar Express,Chilahati,Dhaka (Kamalapur),SHULOV,cloudy,10,460,13,1,0,0
750,Egarosindhur Godhuli,Kishoreganj,Dhaka (Kamalapur),F_CHAIR,clear,0,135,8,8,1,1
702,Subarna Express,Chattogram,Dhaka (Kamalapur),SHOVAN,light_rain,10,320,4,7,1,0
750,Egarosindhur Godhuli,Kishoreganj,Dhaka (Kamalapur),F_SEAT,heavy_rain,14,135,8,10,0,1
707,Tista Express,Dhaka (Kamalapur),Jamalpur,SNIGDHA,cloudy,6,240,10,9,1,1
793,Panchagarh Express,Dhaka (Kamalapur),Panchagarh,SNIGDHA,light_rain,0,480,11,7,1,1
725,Sundarban Express,Dhaka (Kamalapur),Khulna,SNIGDHA,clear,0,405,11,18,1,1
760,Padma Express,Rajshahi,Dhaka (Kamalapur),S_CHAIR,clear,1,343,9,8,1,0
715,Kapotaksha Express,Khulna,Rajshahi,F_SEAT,cloudy,0,280,14,4,0,0
771,Rangpur Express,Dhaka (Kamalapur),Rangpur,SNIGDHA,heavy_rain,0,465,12,11,0,1
739,Upaban Express,Dhaka (Kamalapur),Sylhet,SHULOV,clear,25,319,10,11,0,1
773,Kalni Express,Dhaka (Kamalapur),Sylhet,AC_S,heavy_rain,0,319,8,9,1,1
731,Barendra Express,Rajshahi,Chilahati,SHOVAN,heavy_rain,0,320,13,21,0,1
813,Cox's Bazar Express,Dhaka (Kamalapur),Cox's Bazar,SHULOV,heavy_rain,0,452,6,12,0,1
726,Sundarban Express,Khulna,Dhaka (Kamalapur),SHOVAN,clear,0,405,11,1,0,0
705,Ekota Express,Dhaka (Kamalapur),Panchagarh,AC_S,cloudy,13,480,14,5,0,0
765,Nilsagar Express,Dhaka (Kamalapur),Chilahati,SHULOV,heavy_rain,0,460,13,0,0,1
706,Ekota Express,Panchagarh,Dhaka (Kamalapur),SHULOV,clear,8,480,14,7,1,0
750,Egarosindhur Godhuli,Kishoreganj,Dhaka (Kamalapur),F_CHAIR,clear,0,135,8,4,0,0
709,Parabat Express,Dhaka (Kamalapur),Sylhet,SHULOV,clear,0,319,11,7,1,0
727,Rupsha Express,Khulna,Chilahati,SHULOV,heavy_rain,0,450,16,7,1,0
704,Mohanagar Godhuli,Chattogram,Dhaka (Kamalapur),S_CHAIR,heavy_rain,41,320,9,3,0,1
726,Sundarban Express,Khulna,Dhaka (Kamalapur),SHULOV,heavy_rain,0,405,11,13,0,1
753,Silkcity Express,Dhaka (Kamalapur),Rajshahi,SHULOV,light_rain,48,343,9,19,1,1
769,Dhumketu Express,Dhaka (Kamalapur),Rajshahi,SHOVAN,clear,0,343,8,2,0,0
793,Panchagarh Express,Dhaka (Kamalapur),Panchagarh,AC_S,clear,0,480,11,16,0,0
773,Kalni Express,Dhaka (Kamalapur),Sylhet,AC_S,clear,0,319,8,1,0,0
727,Rupsha Express,Khulna,Chilahati,S_CHAIR,cloudy,0,450,16,20,1,1
727,Rupsha Express,Khulna,Chilahati,F_CHAIR,clear,0,450,16,12,0,0
717,Joyantika Express,Dhaka (Kamalapur),Sylhet,SHULOV,light_rain,2,319,13,15,0,0
704,Mohanagar Godhuli,Chattogram,Dhaka (Kamalapur),SHOVAN,clear,4,320,9,7,1,0
766,Nilsagar Express,Chilahati,Dhaka (Kamalapur),SNIGDHA,cloudy,0,460,13,16,0,0
706,Ekota Express,Panchagarh,Dhaka (Kamalapur),AC_B,heavy_rain,19,480,14,11,0,1
787,Sonar Bangla Express,Dhaka (Kamalapur),Chattogram,AC_B,clear,6,320,4,8,1,0
710,Parabat Express,Sylhet,Dhaka (Kamalapur),AC_B,clear,7,319,11,16,0,0
710,Parabat Express,Sylhet,Dhaka (Kamalapur),S_CHAIR,clear,34,319,11,6,0,0
814,Cox's Bazar Express,Cox's Bazar,Dhaka (Kamalapur),AC_B,cloudy,9,452,6,1,0,0
787,Sonar Bangla Express,Dhaka (Kamalapur),Chattogram,AC_B,clear,0,320,4,22,0,1
726,Sundarban Express,Khulna,Dhaka (Kamalapur),SHULOV,cloudy,1,405,11,12,0,1
753,Silkcity Express,Dhaka (Kamalapur),Rajshahi,SHULOV,cloudy,0,343,9,20,1,0
726,Sundarban Express,Khulna,Dhaka (Kamalapur),SHOVAN,clear,0,405,11,6,0,0
723,Udayan Express,Sylhet,Chattogram,SHOVAN,clear,61,430,14,17,1,0
725,Sundarban Express,Dhaka (Kamalapur),Khulna,SHOVAN,cloudy,0,405,11,1,0,0
769,Dhumketu Express,Dhaka (Kamalapur),Rajshahi,AC_B,clear,27,343,8,15,0,1
814,Cox's Bazar Express,Cox's Bazar,Dhaka (Kamalapur),SHULOV,cloudy,0,452,6,3,0,0
709,Parabat Express,Dhaka (Kamalapur),Sylhet,AC_B,clear,0,319,11,0,0,0
701,Subarna Express,Dhaka (Kamalapur),Chattogram,SHULOV,cloudy,0,320,4,16,0,0
739,Upaban Express,Dhaka (Kamalapur),Sylhet,SHULOV,light_rain,15,319,10,5,0,0
760,Padma Express,Rajshahi,Dhaka (Kamalapur),SHOVAN,clear,7,343,9,17,1,0
760,Padma Express,Rajshahi,Dhaka (Kamalapur),SHULOV,cloudy,7,343,9,2,0,0
710,Parabat Express,Sylhet,Dhaka (Kamalapur),SHOVAN,light_rain,0,319,11,23,0,0
773,Kalni Express,Dhaka (Kamalapur),Sylhet,AC_S,clear,0,319,8,6,0,0
707,Tista Express,Dhaka (Kamalapur),Jamalpur,SHOVAN,light_rain,0,240,10,23,0,0
709,Parabat Express,Dhaka (Kamalapur),Sylhet,SHOVAN,clear,0,319,11,0,0,0
727,Rupsha Express,Khulna,Chilahati,S_CHAIR,cloudy,11,450,16,1,0,0
703,Mohanagar Provati,Dhaka (Kamalapur),Chattogram,S_CHAIR,cloudy,6,320,9,12,0,1
743,Brahmaputra Express,Dhaka (Kamalapur),Jamalpur,SHOVAN,light_rain,0,240,12,0,0,0
761,Sagardari Express,Khulna,Rajshahi,F_CHAIR,light_rain,80,280,12,15,0,1
733,Titumir Express,Rajshahi,Chilahati,S_CHAIR,light_rain,0,320,12,10,0,0
722,Mohanagar Express,Chattogram,Dhaka (Kamalapur),AC_S,cloudy,0,320,8,3,0,0
761,Sagardari Express,Khulna,Rajshahi,SHOVAN,cloudy,0,280,12,12,0,0
761,Sagardari Express,Khulna,Rajshahi,SHULOV,light_rain,8,280,12,0,0,0
791,Banalata Express,Dhaka (Kamalapur),Rajshahi,SHULOV,light_rain,19,343,3,14,0,1
725,Sundarban Express,Dhaka (Kamalapur),Khulna,AC_B,clear,0,405,11,3,0,0
761,Sagardari Express,Khulna,Rajshahi,SHULOV,cloudy,4,280,12,6,0,0
709,Parabat Express,Dhaka (Kamalapur),Sylhet,SHOVAN,clear,25,319,11,9,1,1
726,Sundarban Express,Khulna,Dhaka (Kamalapur),SHULOV,clear,0,405,11,8,1,0
705,Ekota Express,Dhaka (Kamalapur),Panchagarh,S_CHAIR,heavy_rain,0,480,14,9,1,1
791,Banalata Express,Dhaka (Kamalapur),Rajshahi,SNIGDHA,clear,0,343,3,15,0,0
737,Egarosindhur Provati,Dhaka (Kamalapur),Kishoreganj,F_SEAT,heavy_rain,0,135,8,13,0,1
741,Turna Nishitha,Dhaka (Kamalapur),Chattogram,AC_S,light_rain,0,320,8,1,0,0
702,Subarna Express,Chattogram,Dhaka (Kamalapur),SNIGDHA,cloudy,9,320,4,5,0,0
754,Silkcity Express,Rajshahi,Dhaka (Kamalapur),AC_S,clear,0,343,9,19,1,0
765,Nilsagar Express,Dhaka (Kamalapur),Chilahati,S_CHAIR,cloudy,0,460,13,8,1,1
735,Agnibina Express,Dhaka (Kamalapur),Jamalpur,SHULOV,cloudy,7,240,11,16,0,0
737,Egarosindhur Provati,Dhaka (Kamalapur),Kishoreganj,F_CHAIR,clear,0,135,8,22,0,0
733,Titumir Express,Rajshahi,Chilahati,SHOVAN,clear,26,320,12,23,0,1
815,Parjatak Express,Dhaka (Kamalapur),Cox's Bazar,AC_S,clear,0,452,5,3,0,1
726,Sundarban Express,Khulna,Dhaka (Kamalapur),SNIGDHA,cloudy,0,405,11,15,0,0
731,Barendra Express,Rajshahi,Chilahati,F_CHAIR,clear,0,320,13,17,1,0
787,Sonar Bangla Express,Dhaka (Kamalapur),Chattogram,AC_S,clear,0,320,4,18,1,1
702,Subarna Express,Chattogram,Dhaka (Kamalapur),AC_S,cloudy,0,320,4,8,1,0
764,Chitra Express,Khulna,Dhaka (Kamalapur),AC_B,clear,0,405,13,14,0,0
815,Parjatak Express,Dhaka (Kamalapur),Cox's Bazar,AC_B,clear,25,452,5,10,0,0
717,Joyantika Express,Dhaka (Kamalapur),Sylhet,SHOVAN,clear,0,319,13,8,1,0
709,Parabat Express,Dhaka (Kamalapur),Sylhet,AC_B,light_rain,0,319,11,14,0,1
757,Drutojan Express,Dhaka (Kamalapur),Panchagarh,AC_B,cloudy,0,480,13,10,0,1
753,Silkcity Express,Dhaka (Kamalapur),Rajshahi,SHOVAN,cloudy,9,343,9,7,1,1
726,Sundarban Express,Khulna,Dhaka (Kamalapur),SHULOV,clear,16,405,11,5,0,1
759,Padma Express,Dhaka (Kamalapur),Rajshahi,AC_S,clear,1,343,9,13,0,0
737,Egarosindhur Provati,Dhaka (Kamalapur),Kishoreganj,S_CHAIR,cloudy,16,135,8,17,1,1
815,Parjatak Express,Dhaka (Kamalapur),Cox's Bazar,SHOVAN,cloudy,0,452,5,23,0,0
791,Banalata Express,Dhaka (Kamalapur),Rajshahi,SNIGDHA,light_rain,7,343,3,0,0,0
743,Brahmaputra Express,Dhaka (Kamalapur),Jamalpur,SHULOV,light_rain,0,240,12,5,0,0
731,Barendra Express,Rajshahi,Chilahati,F_CHAIR,light_rain,0,320,13,17,1,1
709,Parabat Express,Dhaka (Kamalapur),Sylhet,AC_S,light_rain,0,319,11,0,0,1
703,Mohanagar Provati,Dhaka (Kamalapur),Chattogram,AC_B,clear,21,320,9,1,0,0
709,Parabat Express,Dhaka (Kamalapur),Sylhet,SNIGDHA,clear,0,319,11,16,0,0
717,Joyantika Express,Dhaka (Kamalapur),Sylhet,SHULOV,light_rain,17,319,13,6,0,1
710,Parabat Express,Sylhet,Dhaka (Kamalapur),S_CHAIR,light_rain,0,319,11,17,1,0
727,Rupsha Express,Khulna,Chilahati,SHOVAN,heavy_rain,14,450,16,8,1,1
766,Nilsagar Express,Chilahati,Dhaka (Kamalapur),AC_B,clear,0,460,13,19,1,1
788,Sonar Bangla Express,Chattogram,Dhaka (Kamalapur),AC_B,clear,0,320,4,14,0,0
802,Chattala Express,Dhaka (Kamalapur),Chattogram,AC_B,light_rain,16,320,12,8,1,1
725,Sundarban Express,Dhaka (Kamalapur),Khulna,SNIGDHA,cloudy,0,405,11,14,0,0
763,Chitra Express,Dhaka (Kamalapur),Khulna,SNIGDHA,clear,15,405,13,8,1,1
795,Benapole Express,Dhaka (Kamalapur),Benapole,SHULOV,light_rain,23,420,7,4,0,0
791,Banalata Express,Dhaka (Kamalapur),Rajshahi,AC_B,clear,4,343,3,5,0,0
740,Upaban Express,Sylhet,Dhaka (Kamalapur),SNIGDHA,light_rain,0,319,10,3,0,0
723,Udayan Express,Sylhet,Chattogram,SNIGDHA,clear,2,430,14,4,0,0
773,Kalni Express,Dhaka (Kamalapur),Sylhet,AC_S,cloudy,0,319,8,18,1,1
726,Sundarban Express,Khulna,Dhaka (Kamalapur),SHOVAN,heavy_rain,0,405,11,2,0,1
739,Upaban Express,Dhaka (Kamalapur),Sylhet,SHULOV,light_rain,0,319,10,5,0,0
773,Kalni Express,Dhaka (Kamalapur),Sylhet,SHOVAN,cloudy,1,319,8,18,1,1
710,Parabat Express,Sylhet,Dhaka (Kamalapur),AC_S,cloudy,0,319,11,19,1,1
726,Sundarban Express,Khulna,Dhaka (Kamalapur),SHULOV,cloudy,0,405,11,16,0,0
733,Titumir Express,Rajshahi,Chilahati,F_CHAIR,cloudy,9,320,12,5,0,1
791,Banalata Express,Dhaka (Kamalapur),Rajshahi,SHULOV,light_rain,0,343,3,23,0,0
741,Turna Nishitha,Dhaka (Kamalapur),Chattogram,SHULOV,cloudy,50,320,8,20,1,1
704,Mohanagar Godhuli,Chattogram,Dhaka (Kamalapur),SHOVAN,clear,0,320,9,11,0,0
813,Cox's Bazar Express,Dhaka (Kamalapur),Cox's Bazar,SNIGDHA,cloudy,16,452,6,9,1,0
814,Cox's Bazar Express,Cox's Bazar,Dhaka (Kamalapur),SHOVAN,light_rain,11,452,6,5,0,1
740,Upaban Express,Sylhet,Dhaka (Kamalapur),AC_B,clear,0,319,10,0,0,0
760,Padma Express,Rajshahi,Dhaka (Kamalapur),AC_S,light_rain,0,343,9,0,0,0
723,Udayan Express,Sylhet,Chattogram,AC_B,heavy_rain,0,430,14,15,0,1
702,Subarna Express,Chattogram,Dhaka (Kamalapur),SHULOV,clear,2,320,4,18,1,0
814,Cox's Bazar Express,Cox's Bazar,Dhaka (Kamalapur),SHOVAN,cloudy,16,452,6,2,0,0
759,Padma Express,Dhaka (Kamalapur),Rajshahi,AC_B,cloudy,0,343,9,14,0,1
760,Padma Express,Rajshahi,Dhaka (Kamalapur),SNIGDHA,clear,61,343,9,4,0,1
705,Ekota Express,Dhaka (Kamalapur),Panchagarh,SHULOV,heavy_rain,0,480,14,14,0,1
704,Mohanagar Godhuli,Chattogram,Dhaka (Kamalapur),S_CHAIR,light_rain,0,320,9,6,0,1
707,Tista Express,Dhaka (Kamalapur),Jamalpur,SHOVAN,clear,0,240,10,6,0,0
740,Upaban Express,Sylhet,Dhaka (Kamalapur),SNIGDHA,clear,0,319,10,21,0,0
763,Chitra Express,Dhaka (Kamalapur),Khulna,S_CHAIR,light_rain,1,405,13,8,1,1
787,Sonar Bangla Express,Dhaka (Kamalapur),Chattogram,AC_S,light_rain,26,320,4,3,0,1
704,Mohanagar Godhuli,Chattogram,Dhaka (Kamalapur),S_CHAIR,cloudy,0,320,9,5,0,0
757,Drutojan Express,Dhaka (Kamalapur),Panchagarh,AC_S,clear,5,480,13,5,0,0
731,Barendra Express,Rajshahi,Chilahati,F_CHAIR,light_rain,0,320,13,18,1,1
753,Silkcity Express,Dhaka (Kamalapur),Rajshahi,SNIGDHA,light_rain,18,343,9,4,0,1
740,Upaban Express,Sylhet,Dhaka (Kamalapur),SHULOV,cloudy,4,319,10,8,1,1
701,Subarna Express,Dhaka (Kamalapur),Chattogram,SHOVAN,clear,21,320,4,15,0,1
704,Mohanagar Godhuli,Chattogram,Dhaka (Kamalapur),S_CHAIR,cloudy,4,320,9,0,0,1
731,Barendra Express,Rajshahi,Chilahati,F_SEAT,cloudy,0,320,13,9,1,0
769,Dhumketu Express,Dhaka (Kamalapur),Rajshahi,SHULOV,clear,63,343,8,16,0,1
788,Sonar Bangla Express,Chattogram,Dhaka (Kamalapur),AC_S,cloudy,0,320,4,20,1,0
769,Dhumketu Express,Dhaka (Kamalapur),Rajshahi,SNIGDHA,light_rain,15,343,8,7,1,0
733,Titumir Express,Rajshahi,Chilahati,F_BERTH,clear,0,320,12,16,0,0
788,Sonar Bangla Express,Chattogram,Dhaka (Kamalapur),AC_B,cloudy,0,320,4,16,0,1
726,Sundarban Express,Khulna,Dhaka (Kamalapur),SHULOV,light_rain,0,405,11,7,1,0
791,Banalata Express,Dhaka (Kamalapur),Rajshahi,AC_B,clear,0,343,3,8,1,0
710,Parabat Express,Sylhet,Dhaka (Kamalapur),AC_S,clear,0,319,11,12,0,0
722,Mohanagar Express,Chattogram,Dhaka (Kamalapur),SHOVAN,heavy_rain,0,320,8,15,0,1
731,Barendra Express,Rajshahi,Chilahati,F_BERTH,cloudy,9,320,13,13,0,0
723,Udayan Express,Sylhet,Chattogram,SHULOV,cloudy,1,430,14,18,1,1
802,Chattala Express,Dhaka (Kamalapur),Chattogram,SHULOV,cloudy,0,320,12,12,0,0
715,Kapotaksha Express,Khulna,Rajshahi,SHULOV,clear,0,280,14,3,0,1
707,Tista Express,Dhaka (Kamalapur),Jamalpur,SHOVAN,clear,0,240,10,23,0,0
815,Parjatak Express,Dhaka (Kamalapur),Cox's Bazar,AC_S,light_rain,0,452,5,21,0,1
814,Cox's Bazar Express,Cox's Bazar,Dhaka (Kamalapur),SHOVAN,cloudy,9,452,6,18,1,0
764,Chitra Express,Khulna,Dhaka (Kamalapur),AC_B,cloudy,7,405,13,7,1,0
701,Subarna Express,Dhaka (Kamalapur),Chattogram,SHOVAN,clear,0,320,4,18,1,1
737,Egarosindhur Provati,Dhaka (Kamalapur),Kishoreganj,SHULOV,cloudy,13,135,8,10,0,0
771,Rangpur Express,Dhaka (Kamalapur),Rangpur,SHULOV,clear,5,465,12,13,0,0
771,Rangpur Express,Dhaka (Kamalapur),Rangpur,AC_S,clear,0,465,12,11,0,0
802,Chattala Express,Dhaka (Kamalapur),Chattogram,SNIGDHA,clear,19,320,12,1,0,0
777,Haor Express,Dhaka (Kamalapur),Mohanganj,SHULOV,light_rain,0,280,12,13,0,0
701,Subarna Express,Dhaka (Kamalapur),Chattogram,S_CHAIR,cloudy,0,320,4,20,1,0
761,Sagardari Express,Khulna,Rajshahi,F_BERTH,clear,5,280,12,4,0,0
704,Mohanagar Godhuli,Chattogram,Dhaka (Kamalapur),SNIGDHA,clear,0,320,9,19,1,0
773,Kalni Express,Dhaka (Kamalapur),Sylhet,AC_B,clear,0,319,8,17,1,0
703,Mohanagar Provati,Dhaka (Kamalapur),Chattogram,S_CHAIR,clear,3,320,9,13,0,0
731,Barendra Express,Rajshahi,Chilahati,F_CHAIR,light_rain,79,320,13,21,0,1
705,Ekota Express,Dhaka (Kamalapur),Panchagarh,SHOVAN,cloudy,6,480,14,14,0,1
769,Dhumketu Express,Dhaka (Kamalapur),Rajshahi,SHOVAN,clear,10,343,8,12,0,1
763,Chitra Express,Dhaka (Kamalapur),Khulna,S_CHAIR,clear,0,405,13,0,0,1
788,Sonar Bangla Express,Chattogram,Dhaka (Kamalapur),SNIGDHA,light_rain,3,320,4,8,1,1
715,Kapotaksha Express,Khulna,Rajshahi,SHOVAN,clear,52,280,14,21,0,1
701,Subarna Express,Dhaka (Kamalapur),Chattogram,AC_B,clear,0,320,4,11,0,0
766,Nilsagar Express,Chilahati,Dhaka (Kamalapur),AC_B,heavy_rain,0,460,13,0,0,0
765,Nilsagar Express,Dhaka (Kamalapur),Chilahati,S_CHAIR,clear,0,460,13,14,0,0
717,Joyantika Express,Dhaka (Kamalapur),Sylhet,AC_S,clear,0,319,13,7,1,0
795,Benapole Express,Dhaka (Kamalapur),Benapole,AC_B,cloudy,80,420,7,21,0,1
760,Padma Express,Rajshahi,Dhaka (Kamalapur),SHULOV,clear,0,343,9,22,0,0
710,Parabat Express,Sylhet,Dhaka (Kamalapur),SHOVAN,clear,40,319,11,4,0,1
760,Padma Express,Rajshahi,Dhaka (Kamalapur),S_CHAIR,cloudy,0,343,9,2,0,0
765,Nilsagar Express,Dhaka (Kamalapur),Chilahati,S_CHAIR,heavy_rain,0,460,13,8,1,1
813,Cox's Bazar Express,Dhaka (Kamalapur),Cox's Bazar,AC_S,heavy_rain,0,452,6,13,0,0
765,Nilsagar Express,Dhaka (Kamalapur),Chilahati,SHOVAN,clear,4,460,13,18,1,0
743,Brahmaputra Express,Dhaka (Kamalapur),Jamalpur,AC_S,cloudy,0,240,12,17,1,0
760,Padma Express,Rajshahi,Dhaka (Kamalapur),SHOVAN,cloudy,0,343,9,13,0,0
739,Upaban Express,Dhaka (Kamalapur),Sylhet,SHOVAN,clear,9,319,10,7,1,1
705,Ekota Express,Dhaka (Kamalapur),Panchagarh,SHULOV,clear,40,480,14,12,0,1
703,Mohanagar Provati,Dhaka (Kamalapur),Chattogram,SNIGDHA,clear,23,320,9,23,0,1
733,Titumir Express,Rajshahi,Chilahati,F_CHAIR,cloudy,0,320,12,18,1,0
702,Subarna Express,Chattogram,Dhaka (Kamalapur),AC_S,cloudy,0,320,4,20,1,0
787,Sonar Bangla Express,Dhaka (Kamalapur),Chattogram,SNIGDHA,cloudy,7,320,4,9,1,0
777,Haor Express,Dhaka (Kamalapur),Mohanganj,AC_S,clear,70,280,12,20,1,1
709,Parabat Express,Dhaka (Kamalapur),Sylhet,SNIGDHA,light_rain,0,319,11,13,0,0
721,Mohanagar Express,Dhaka (Kamalapur),Chattogram,SHOVAN,heavy_rain,0,320,8,18,1,1
706,Ekota Express,Panchagarh,Dhaka (Kamalapur),AC_B,cloudy,0,480,14,0,0,0
710,Parabat Express,Sylhet,Dhaka (Kamalapur),SHULOV,heavy_rain,0,319,11,16,0,1
763,Chitra Express,Dhaka (Kamalapur),Khulna,AC_S,light_rain,0,405,13,9,1,1
802,Chattala Express,Dhaka (Kamalapur),Chattogram,SNIGDHA,clear,2,320,12,10,0,1
788,Sonar Bangla Express,Chattogram,Dhaka (Kamalapur),AC_S,cloudy,0,320,4,11,0,0
761,Sagardari Express,Khulna,Rajshahi,SHOVAN,light_rain,3,280,12,19,1,0
750,Egarosindhur Godhuli,Kishoreganj,Dhaka (Kamalapur),F_BERTH,cloudy,0,135,8,1,0,0
715,Kapotaksha Express,Khulna,Rajshahi,F_CHAIR,light_rain,0,280,14,17,1,0
764,Chitra Express,Khulna,Dhaka (Kamalapur),S_CHAIR,clear,0,405,13,7,1,1
701,Subarna Express,Dhaka (Kamalapur),Chattogram,SHULOV,light_rain,21,320,4,19,1,1
787,Sonar Bangla Express,Dhaka (Kamalapur),Chattogram,SNIGDHA,cloudy,6,320,4,21,0,0
753,Silkcity Express,Dhaka (Kamalapur),Rajshahi,AC_B,clear,0,343,9,2,0,0
701,Subarna Express,Dhaka (Kamalapur),Chattogram,SNIGDHA,clear,14,320,4,14,0,0
797,Kurigram Express,Dhaka (Kamalapur),Kurigram,S_CHAIR,cloudy,0,500,15,12,0,0
763,Chitra Express,Dhaka (Kamalapur),Khulna,AC_B,clear,29,405,13,0,0,1
773,Kalni Express,Dhaka (Kamalapur),Sylhet,AC_B,cloudy,69,319,8,22,0,1
715,Kapotaksha Express,Khulna,Rajshahi,SHOVAN,clear,0,280,14,5,0,0
787,Sonar Bangla Express,Dhaka (Kamalapur),Chattogram,AC_B,cloudy,9,320,4,8,1,0
702,Subarna Express,Chattogram,Dhaka (Kamalapur),SHULOV,clear,0,320,4,5,0,0
759,Padma Express,Dhaka (Kamalapur),Rajshahi,SNIGDHA,cloudy,0,343,9,7,1,0
814,Cox's Bazar Express,Cox's Bazar,Dhaka (Kamalapur),AC_B,heavy_rain,0,452,6,0,0,1
788,Sonar Bangla Express,Chattogram,Dhaka (Kamalapur),AC_S,cloudy,0,320,4,1,0,1
735,Agnibina Express,Dhaka (Kamalapur),Jamalpur,SHULOV,clear,13,240,11,22,0,0
709,Parabat Express,Dhaka (Kamalapur),Sylhet,AC_B,clear,0,319,11,10,0,0
757,Drutojan Express,Dhaka (Kamalapur),Panchagarh,AC_B,clear,7,480,13,3,0,0
717,Joyantika Express,Dhaka (Kamalapur),Sylhet,S_CHAIR,light_rain,0,319,13,19,1,0
763,Chitra Express,Dhaka (Kamalapur),Khulna,S_CHAIR,heavy_rain,0,405,13,22,0,1
706,Ekota Express,Panchagarh,Dhaka (Kamalapur),SHULOV,light_rain,0,480,14,2,0,0
797,Kurigram Express,Dhaka (Kamalapur),Kurigram,SHOVAN,clear,0,500,15,15,0,0
741,Turna Nishitha,Dhaka (Kamalapur),Chattogram,S_CHAIR,clear,55,320,8,11,0,1
727,Rupsha Express,Khulna,Chilahati,S_CHAIR,clear,0,450,16,15,0,0
701,Subarna Express,Dhaka (Kamalapur),Chattogram,AC_S,light_rain,0,320,4,1,0,1
760,Padma Express,Rajshahi,Dhaka (Kamalapur),AC_S,clear,0,343,9,16,0,1
793,Panchagarh Express,Dhaka (Kamalapur),Panchagarh,S_CHAIR,clear,1,480,11,0,0,0
766,Nilsagar Express,Chilahati,Dhaka (Kamalapur),AC_B,heavy_rain,0,460,13,11,0,1
723,Udayan Express,Sylhet,Chattogram,AC_S,cloudy,0,430,14,19,1,0
765,Nilsagar Express,Dhaka (Kamalapur),Chilahati,SHULOV,light_rain,7,460,13,17,1,1
726,Sundarban Express,Khulna,Dhaka (Kamalapur),SNIGDHA,light_rain,0,405,11,8,1,0
741,Turna Nishitha,Dhaka (Kamalapur),Chattogram,AC_B,clear,9,320,8,10,0,1
757,Drutojan Express,Dhaka (Kamalapur),Panchagarh,AC_B,cloudy,0,480,13,20,1,1
717,Joyantika Express,Dhaka (Kamalapur),Sylhet,SNIGDHA,clear,0,319,13,21,0,1
797,Kurigram Express,Dhaka (Kamalapur),Kurigram,S_CHAIR,clear,0,500,15,13,0,0
741,Turna Nishitha,Dhaka (Kamalapur),Chattogram,SNIGDHA,cloudy,0,320,8,20,1,0
760,Padma Express,Rajshahi,Dhaka (Kamalapur),AC_B,clear,0,343,9,0,0,0
735,Agnibina Express,Dhaka (Kamalapur),Jamalpur,AC_B,clear,0,240,11,3,0,1
705,Ekota Express,Dhaka (Kamalapur),Panchagarh,S_CHAIR,cloudy,0,480,14,2,0,0
773,Kalni Express,Dhaka (Kamalapur),Sylhet,S_CHAIR,cloudy,1,319,8,11,0,0
719,Paharika Express,Chattogram,Sylhet,SHULOV,heavy_rain,0,430,14,14,0,0
704,Mohanagar Godhuli,Chattogram,Dhaka (Kamalapur),SHULOV,heavy_rain,0,320,9,23,0,0
760,Padma Express,Rajshahi,Dhaka (Kamalapur),SHOVAN,clear,0,343,9,7,1,0
771,Rangpur Express,Dhaka (Kamalapur),Rangpur,S_CHAIR,clear,0,465,12,0,0,0
731,Barendra Express,Rajshahi,Chilahati,F_SEAT,heavy_rain,8,320,13,17,1,1
715,Kapotaksha Express,Khulna,Rajshahi,SHULOV,clear,3,280,14,13,0,0
742,Turna Nishitha,Chattogram,Dhaka (Kamalapur),SHULOV,cloudy,8,320,8,6,0,0
717,Joyantika Express,Dhaka (Kamalapur),Sylhet,SNIGDHA,clear,0,319,13,5,0,0
726,Sundarban Express,Khulna,Dhaka (Kamalapur),S_CHAIR,cloudy,0,405,11,15,0,0
737,Egarosindhur Provati,Dhaka (Kamalapur),Kishoreganj,F_SEAT,clear,0,135,8,4,0,0
765,Nilsagar Express,Dhaka (Kamalapur),Chilahati,AC_B,clear,1,460,13,7,1,1
740,Upaban Express,Sylhet,Dhaka (Kamalapur),SNIGDHA,clear,0,319,10,18,1,0
701,Subarna Express,Dhaka (Kamalapur),Chattogram,SHULOV,cloudy,13,320,4,22,0,0
788,Sonar Bangla Express,Chattogram,Dhaka (Kamalapur),AC_S,clear,0,320,4,17,1,1
701,Subarna Express,Dhaka (Kamalapur),Chattogram,SHULOV,light_rain,5,320,4,5,0,1
793,Panchagarh Express,Dhaka (Kamalapur),Panchagarh,SHULOV,light_rain,0,480,11,6,0,1
750,Egarosindhur Godhuli,Kishoreganj,Dhaka (Kamalapur),SHOVAN,cloudy,56,135,8,23,0,0
725,Sundarban Express,Dhaka (Kamalapur),Khulna,AC_B,clear,0,405,11,1,0,0
797,Kurigram Express,Dhaka (Kamalapur),Kurigram,SHOVAN,light_rain,3,500,15,1,0,0
773,Kalni Express,Dhaka (Kamalapur),Sylhet,SHULOV,clear,8,319,8,13,0,0
795,Benapole Express,Dhaka (Kamalapur),Benapole,AC_S,clear,7,420,7,0,0,0
802,Chattala Express,Dhaka (Kamalapur),Chattogram,AC_B,light_rain,23,320,12,21,0,1
733,Titumir Express,Rajshahi,Chilahati,S_CHAIR,light_rain,0,320,12,18,1,1
764,Chitra Express,Khulna,Dhaka (Kamalapur),SHULOV,cloudy,0,405,13,18,1,0
764,Chitra Express,Khulna,Dhaka (Kamalapur),SHULOV,cloudy,84,405,13,2,0,0
795,Benapole Express,Dhaka (Kamalapur),Benapole,S_CHAIR,clear,0,420,7,9,1,0
815,Parjatak Express,Dhaka (Kamalapur),Cox's Bazar,AC_S,light_rain,0,452,5,23,0,0
759,Padma Express,Dhaka (Kamalapur),Rajshahi,AC_B,clear,3,343,9,17,1,1
721,Mohanagar Express,Dhaka (Kamalapur),Chattogram,SNIGDHA,cloudy,0,320,8,0,0,0
725,Sundarban Express,Dhaka (Kamalapur),Khulna,S_CHAIR,cloudy,0,405,11,18,1,0
773,Kalni Express,Dhaka (Kamalapur),Sylhet,S_CHAIR,clear,3,319,8,23,0,0
795,Benapole Express,Dhaka (Kamalapur),Benapole,SHOVAN,cloudy,0,420,7,17,1,1
743,Brahmaputra Express,Dhaka (Kamalapur),Jamalpur,SHOVAN,heavy_rain,0,240,12,12,0,0
814,Cox's Bazar Express,Cox's Bazar,Dhaka (Kamalapur),SHULOV,cloudy,0,452,6,23,0,0
740,Upaban Express,Sylhet,Dhaka (Kamalapur),S_CHAIR,clear,6,319,10,19,1,0
759,Padma Express,Dhaka (Kamalapur),Rajshahi,AC_S,light_rain,18,343,9,14,0,1
722,Mohanagar Express,Chattogram,Dhaka (Kamalapur),AC_B,light_rain,0,320,8,2,0,1
721,Mohanagar Express,Dhaka (Kamalapur),Chattogram,S_CHAIR,clear,0,320,8,8,1,0
705,Ekota Express,Dhaka (Kamalapur),Panchagarh,S_CHAIR,clear,0,480,14,5,0,0
701,Subarna Express,Dhaka (Kamalapur),Chattogram,AC_B,clear,0,320,4,13,0,0
717,Joyantika Express,Dhaka (Kamalapur),Sylhet,SHULOV,clear,0,319,13,10,0,0
739,Upaban Express,Dhaka (Kamalapur),Sylhet,SNIGDHA,clear,0,319,10,9,1,0
814,Cox's Bazar Express,Cox's Bazar,Dhaka (Kamalapur),AC_S,cloudy,0,452,6,7,1,0
787,Sonar Bangla Express,Dhaka (Kamalapur),Chattogram,SNIGDHA,clear,0,320,4,19,1,0
742,Turna Nishitha,Chattogram,Dhaka (Kamalapur),AC_S,cloudy,0,320,8,22,0,1
797,Kurigram Express,Dhaka (Kamalapur),Kurigram,SHULOV,cloudy,30,500,15,23,0,1
766,Nilsagar Express,Chilahati,Dhaka (Kamalapur),AC_B,cloudy,7,460,13,19,1,0
765,Nilsagar Express,Dhaka (Kamalapur),Chilahati,S_CHAIR,clear,5,460,13,3,0,0
740,Upaban Express,Sylhet,Dhaka (Kamalapur),SHOVAN,clear,0,319,10,12,0,0
795,Benapole Express,Dhaka (Kamalapur),Benapole,AC_B,cloudy,0,420,7,0,0,0
793,Panchagarh Express,Dhaka (Kamalapur),Panchagarh,SHOVAN,clear,7,480,11,8,1,0
715,Kapotaksha Express,Khulna,Rajshahi,F_BERTH,light_rain,0,280,14,4,0,1
702,Subarna Express,Chattogram,Dhaka (Kamalapur),S_CHAIR,clear,0,320,4,18,1,0
763,Chitra Express,Dhaka (Kamalapur),Khulna,SNIGDHA,cloudy,0,405,13,3,0,1
791,Banalata Express,Dhaka (Kamalapur),Rajshahi,SHULOV,clear,0,343,3,16,0,0
771,Rangpur Express,Dhaka (Kamalapur),Rangpur,SNIGDHA,light_rain,0,465,12,8,1,1
710,Parabat Express,Sylhet,Dhaka (Kamalapur),SHULOV,light_rain,3,319,11,11,0,1
797,Kurigram Express,Dhaka (Kamalapur),Kurigram,F_CHAIR,clear,49,500,15,6,0,0
814,Cox's Bazar Express,Cox's Bazar,Dhaka (Kamalapur),SHULOV,clear,7,452,6,21,0,0
704,Mohanagar Godhuli,Chattogram,Dhaka (Kamalapur),SNIGDHA,clear,0,320,9,4,0,0
759,Padma Express,Dhaka (Kamalapur),Rajshahi,SNIGDHA,light_rain,10,343,9,18,1,0
742,Turna Nishitha,Chattogram,Dhaka (Kamalapur),AC_S,clear,0,320,8,14,0,0
702,Subarna Express,Chattogram,Dhaka (Kamalapur),AC_S,light_rain,26,320,4,1,0,0
761,Sagardari Express,Khulna,Rajshahi,S_CHAIR,clear,5,280,12,1,0,0
715,Kapotaksha Express,Khulna,Rajshahi,S_CHAIR,heavy_rain,0,280,14,20,1,1
719,Paharika Express,Chattogram,Sylhet,SNIGDHA,clear,13,430,14,17,1,0
725,Sundarban Express,Dhaka (Kamalapur),Khulna,SHULOV,clear,9,405,11,10,0,1
766,Nilsagar Express,Chilahati,Dhaka (Kamalapur),SNIGDHA,clear,0,460,13,17,1,0
795,Benapole Express,Dhaka (Kamalapur),Benapole,S_CHAIR,clear,0,420,7,0,0,0
742,Turna Nishitha,Chattogram,Dhaka (Kamalapur),AC_S,cloudy,38,320,8,21,0,1
723,Udayan Express,Sylhet,Chattogram,SHULOV,clear,40,430,14,20,1,1
759,Padma Express,Dhaka (Kamalapur),Rajshahi,SHULOV,light_rain,0,343,9,0,0,0
760,Padma Express,Rajshahi,Dhaka (Kamalapur),S_CHAIR,cloudy,0,343,9,14,0,0
731,Barendra Express,Rajshahi,Chilahati,F_SEAT,cloudy,3,320,13,7,1,0
795,Benapole Express,Dhaka (Kamalapur),Benapole,SHULOV,light_rain,20,420,7,1,0,1
769,Dhumketu Express,Dhaka (Kamalapur),Rajshahi,S_CHAIR,clear,30,343,8,23,0,0
814,Cox's Bazar Express,Cox's Bazar,Dhaka (Kamalapur),SNIGDHA,clear,0,452,6,7,1,0
715,Kapotaksha Express,Khulna,Rajshahi,SHULOV,light_rain,0,280,14,20,1,0
719,Paharika Express,Chattogram,Sylhet,S_CHAIR,cloudy,1,430,14,16,0,0
727,Rupsha Express,Khulna,Chilahati,F_SEAT,cloudy,0,450,16,16,0,1
703,Mohanagar Provati,Dhaka (Kamalapur),Chattogram,SNIGDHA,clear,12,320,9,3,0,0
707,Tista Express,Dhaka (Kamalapur),Jamalpur,SNIGDHA,light_rain,65,240,10,3,0,1
731,Barendra Express,Rajshahi,Chilahati,SHOVAN,cloudy,0,320,13,14,0,0
742,Turna Nishitha,Chattogram,Dhaka (Kamalapur),AC_S,cloudy,0,320,8,9,1,0
765,Nilsagar Express,Dhaka (Kamalapur),Chilahati,SNIGDHA,clear,24,460,13,9,1,1
815,Parjatak Express,Dhaka (Kamalapur),Cox's Bazar,AC_S,cloudy,0,452,5,21,0,1
766,Nilsagar Express,Chilahati,Dhaka (Kamalapur),S_CHAIR,clear,3,460,13,4,0,0
795,Benapole Express,Dhaka (Kamalapur),Benapole,S_CHAIR,heavy_rain,4,420,7,2,0,1
737,Egarosindhur Provati,Dhaka (Kamalapur),Kishoreganj,SHULOV,clear,0,135,8,2,0,0
754,Silkcity Express,Rajshahi,Dhaka (Kamalapur),AC_B,cloudy,5,343,9,12,0,0
815,Parjatak Express,Dhaka (Kamalapur),Cox's Bazar,SNIGDHA,clear,0,452,5,5,0,0
793,Panchagarh Express,Dhaka (Kamalapur),Panchagarh,SHOVAN,clear,5,480,11,8,1,0
797,Kurigram Express,Dhaka (Kamalapur),Kurigram,F_BERTH,clear,0,500,15,5,0,1
743,Brahmaputra Express,Dhaka (Kamalapur),Jamalpur,AC_B,clear,13,240,12,9,1,1
733,Titumir Express,Rajshahi,Chilahati,F_CHAIR,light_rain,23,320,12,22,0,0
815,Parjatak Express,Dhaka (Kamalapur),Cox's Bazar,SHULOV,cloudy,8,452,5,4,0,0
741,Turna Nishitha,Dhaka (Kamalapur),Chattogram,SHOVAN,clear,80,320,8,4,0,0
753,Silkcity Express,Dhaka (Kamalapur),Rajshahi,SHULOV,clear,23,343,9,3,0,1
759,Padma Express,Dhaka (Kamalapur),Rajshahi,S_CHAIR,cloudy,0,343,9,2,0,0
727,Rupsha Express,Khulna,Chilahati,S_CHAIR,light_rain,82,450,16,1,0,1
741,Turna Nishitha,Dhaka (Kamalapur),Chattogram,AC_S,cloudy,4,320,8,1,0,0
750,Egarosindhur Godhuli,Kishoreganj,Dhaka (Kamalapur),S_CHAIR,heavy_rain,0,135,8,11,0,1
763,Chitra Express,Dhaka (Kamalapur),Khulna,S_CHAIR,cloudy,0,405,13,12,0,0
797,Kurigram Express,Dhaka (Kamalapur),Kurigram,F_SEAT,clear,0,500,15,12,0,0
773,Kalni Express,Dhaka (Kamalapur),Sylhet,AC_S,light_rain,0,319,8,7,1,1
815,Parjatak Express,Dhaka (Kamalapur),Cox's Bazar,AC_B,cloudy,6,452,5,10,0,0
793,Panchagarh Express,Dhaka (Kamalapur),Panchagarh,AC_S,cloudy,23,480,11,2,0,1
815,Parjatak Express,Dhaka (Kamalapur),Cox's Bazar,SHOVAN,clear,0,452,5,23,0,0
733,Titumir Express,Rajshahi,Chilahati,F_CHAIR,light_rain,0,320,12,5,0,0
765,Nilsagar Express,Dhaka (Kamalapur),Chilahati,AC_B,clear,0,460,13,11,0,0
777,Haor Express,Dhaka (Kamalapur),Mohanganj,AC_B,clear,20,280,12,4,0,1
777,Haor Express,Dhaka (Kamalapur),Mohanganj,SHOVAN,cloudy,25,280,12,6,0,0
701,Subarna Express,Dhaka (Kamalapur),Chattogram,SNIGDHA,clear,0,320,4,20,1,1
814,Cox's Bazar Express,Cox's Bazar,Dhaka (Kamalapur),AC_B,cloudy,0,452,6,23,0,0
710,Parabat Express,Sylhet,Dhaka (Kamalapur),AC_B,clear,0,319,11,2,0,0
706,Ekota Express,Panchagarh,Dhaka (Kamalapur),S_CHAIR,clear,11,480,14,2,0,1
797,Kurigram Express,Dhaka (Kamalapur),Kurigram,SHULOV,clear,0,500,15,10,0,0
769,Dhumketu Express,Dhaka (Kamalapur),Rajshahi,SHULOV,cloudy,0,343,8,18,1,1
715,Kapotaksha Express,Khulna,Rajshahi,SHULOV,clear,5,280,14,0,0,1
814,Cox's Bazar Express,Cox's Bazar,Dhaka (Kamalapur),AC_B,clear,0,452,6,20,1,0
777,Haor Express,Dhaka (Kamalapur),Mohanganj,AC_B,cloudy,3,280,12,3,0,1
760,Padma Express,Rajshahi,Dhaka (Kamalapur),S_CHAIR,cloudy,0,343,9,23,0,1
721,Mohanagar Express,Dhaka (Kamalapur),Chattogram,S_CHAIR,clear,4,320,8,4,0,0
740,Upaban Express,Sylhet,Dhaka (Kamalapur),AC_B,clear,86,319,10,4,0,1
754,Silkcity Express,Rajshahi,Dhaka (Kamalapur),S_CHAIR,clear,1,343,9,1,0,1
815,Parjatak Express,Dhaka (Kamalapur),Cox's Bazar,SNIGDHA,cloudy,0,452,5,7,1,0
705,Ekota Express,Dhaka (Kamalapur),Panchagarh,S_CHAIR,heavy_rain,0,480,14,19,1,1
769,Dhumketu Express,Dhaka (Kamalapur),Rajshahi,SHULOV,clear,0,343,8,12,0,0
797,Kurigram Express,Dhaka (Kamalapur),Kurigram,S_CHAIR,clear,1,500,15,13,0,0
727,Rupsha Express,Khulna,Chilahati,F_BERTH,cloudy,0,450,16,14,0,0
710,Parabat Express,Sylhet,Dhaka (Kamalapur),SNIGDHA,cloudy,9,319,11,7,1,0
704,Mohanagar Godhuli,Chattogram,Dhaka (Kamalapur),SNIGDHA,cloudy,23,320,9,18,1,1
761,Sagardari Express,Khulna,Rajshahi,S_CHAIR,heavy_rain,6,280,12,1,0,1
773,Kalni Express,Dhaka (Kamalapur),Sylhet,AC_B,clear,0,319,8,18,1,1
725,Sundarban Express,Dhaka (Kamalapur),Khulna,SNIGDHA,light_rain,0,405,11,7,1,0
777,Haor Express,Dhaka (Kamalapur),Mohanganj,SHULOV,cloudy,7,280,12,18,1,1
710,Parabat Express,Sylhet,Dhaka (Kamalapur),AC_S,clear,7,319,11,9,1,0
802,Chattala Express,Dhaka (Kamalapur),Chattogram,SHULOV,cloudy,7,320,12,7,1,1
743,Brahmaputra Express,Dhaka (Kamalapur),Jamalpur,SNIGDHA,clear,0,240,12,21,0,0
721,Mohanagar Express,Dhaka (Kamalapur),Chattogram,S_CHAIR,cloudy,0,320,8,20,1,0
761,Sagardari Express,Khulna,Rajshahi,SHOVAN,light_rain,0,280,12,7,1,0
721,Mohanagar Express,Dhaka (Kamalapur),Chattogram,S_CHAIR,light_rain,0,320,8,0,0,0
815,Parjatak Express,Dhaka (Kamalapur),Cox's Bazar,S_CHAIR,clear,0,452,5,0,0,0
797,Kurigram Express,Dhaka (Kamalapur),Kurigram,S_CHAIR,light_rain,11,500,15,12,0,1
722,Mohanagar Express,Chattogram,Dhaka (Kamalapur),AC_S,heavy_rain,0,320,8,9,1,1
813,Cox's Bazar Express,Dhaka (Kamalapur),Cox's Bazar,SNIGDHA,cloudy,3,452,6,12,0,0
761,Sagardari Express,Khulna,Rajshahi,S_CHAIR,clear,0,280,12,23,0,0
766,Nilsagar Express,Chilahati,Dhaka (Kamalapur),SHULOV,light_rain,17,460,13,8,1,1
743,Brahmaputra Express,Dhaka (Kamalapur),Jamalpur,AC_B,clear,0,240,12,14,0,0
735,Agnibina Express,Dhaka (Kamalapur),Jamalpur,AC_B,clear,0,240,11,19,1,1
759,Padma Express,Dhaka (Kamalapur),Rajshahi,AC_B,clear,0,343,9,22,0,0
750,Egarosindhur Godhuli,Kishoreganj,Dhaka (Kamalapur),SHOVAN,clear,0,135,8,8,1,0
769,Dhumketu Express,Dhaka (Kamalapur),Rajshahi,S_CHAIR,cloudy,19,343,8,9,1,0
715,Kapotaksha Express,Khulna,Rajshahi,SHULOV,clear,0,280,14,19,1,1
739,Upaban Express,Dhaka (Kamalapur),Sylhet,SHOVAN,clear,7,319,10,22,0,0
731,Barendra Express,Rajshahi,Chilahati,F_BERTH,clear,16,320,13,4,0,0
769,Dhumketu Express,Dhaka (Kamalapur),Rajshahi,S_CHAIR,light_rain,7,343,8,2,0,0
710,Parabat Express,Sylhet,Dhaka (Kamalapur),SNIGDHA,clear,19,319,11,10,0,1
742,Turna Nishitha,Chattogram,Dhaka (Kamalapur),AC_B,clear,0,320,8,15,0,0
764,Chitra Express,Khulna,Dhaka (Kamalapur),SHOVAN,clear,0,405,13,15,0,0
704,Mohanagar Godhuli,Chattogram,Dhaka (Kamalapur),S_CHAIR,clear,3,320,9,0,0,0
726,Sundarban Express,Khulna,Dhaka (Kamalapur),SHULOV,light_rain,27,405,11,2,0,1
706,Ekota Express,Panchagarh,Dhaka (Kamalapur),S_CHAIR,light_rain,21,480,14,22,0,0
815,Parjatak Express,Dhaka (Kamalapur),Cox's Bazar,S_CHAIR,cloudy,0,452,5,13,0,1
757,Drutojan Express,Dhaka (Kamalapur),Panchagarh,AC_B,clear,70,480,13,21,0,1
765,Nilsagar Express,Dhaka (Kamalapur),Chilahati,SNIGDHA,clear,0,460,13,1,0,0
723,Udayan Express,Sylhet,Chattogram,AC_S,clear,0,430,14,21,0,1
757,Drutojan Express,Dhaka (Kamalapur),Panchagarh,SNIGDHA,light_rain,0,480,13,20,1,1
703,Mohanagar Provati,Dhaka (Kamalapur),Chattogram,AC_B,clear,6,320,9,2,0,0
706,Ekota Express,Panchagarh,Dhaka (Kamalapur),SHOVAN,cloudy,27,480,14,11,0,0
795,Benapole Express,Dhaka (Kamalapur),Benapole,SHOVAN,heavy_rain,0,420,7,3,0,1
750,Egarosindhur Godhuli,Kishoreganj,Dhaka (Kamalapur),F_CHAIR,clear,0,135,8,16,0,0
813,Cox's Bazar Express,Dhaka (Kamalapur),Cox's Bazar,S_CHAIR,cloudy,0,452,6,4,0,0
754,Silkcity Express,Rajshahi,Dhaka (Kamalapur),AC_B,clear,1,343,9,2,0,0
740,Upaban Express,Sylhet,Dhaka (Kamalapur),AC_B,light_rain,1,319,10,13,0,1
733,Titumir Express,Rajshahi,Chilahati,SHULOV,cloudy,31,320,12,13,0,0
735,Agnibina Express,Dhaka (Kamalapur),Jamalpur,SNIGDHA,heavy_rain,0,240,11,0,0,1
795,Benapole Express,Dhaka (Kamalapur),Benapole,SHULOV,clear,0,420,7,17,1,1
742,Turna Nishitha,Chattogram,Dhaka (Kamalapur),SNIGDHA,clear,26,320,8,16,0,0
766,Nilsagar Express,Chilahati,Dhaka (Kamalapur),SHOVAN,clear,0,460,13,17,1,0
722,Mohanagar Express,Chattogram,Dhaka (Kamalapur),AC_S,clear,0,320,8,21,0,0
731,Barendra Express,Rajshahi,Chilahati,F_CHAIR,clear,8,320,13,16,0,0
701,Subarna Express,Dhaka (Kamalapur),Chattogram,S_CHAIR,clear,66,320,4,19,1,1
702,Subarna Express,Chattogram,Dhaka (Kamalapur),AC_S,light_rain,13,320,4,3,0,0
737,Egarosindhur Provati,Dhaka (Kamalapur),Kishoreganj,F_CHAIR,clear,30,135,8,4,0,1
721,Mohanagar Express,Dhaka (Kamalapur),Chattogram,SHULOV,clear,28,320,8,9,1,0
757,Drutojan Express,Dhaka (Kamalapur),Panchagarh,AC_B,clear,9,480,13,0,0,0
764,Chitra Express,Khulna,Dhaka (Kamalapur),SHOVAN,cloudy,1,405,13,3,0,1
743,Brahmaputra Express,Dhaka (Kamalapur),Jamalpur,SHOVAN,cloudy,19,240,12,7,1,1
765,Nilsagar Express,Dhaka (Kamalapur),Chilahati,AC_B,clear,51,460,13,15,0,1
773,Kalni Express,Dhaka (Kamalapur),Sylhet,SHULOV,light_rain,9,319,8,23,0,1
791,Banalata Express,Dhaka (Kamalapur),Rajshahi,SHOVAN,cloudy,0,343,3,19,1,0
759,Padma Express,Dhaka (Kamalapur),Rajshahi,AC_B,cloudy,0,343,9,7,1,0
725,Sundarban Express,Dhaka (Kamalapur),Khulna,AC_B,clear,0,405,11,7,1,0
773,Kalni Express,Dhaka (Kamalapur),Sylhet,SHOVAN,light_rain,0,319,8,0,0,1
750,Egarosindhur Godhuli,Kishoreganj,Dhaka (Kamalapur),S_CHAIR,cloudy,0,135,8,8,1,0
764,Chitra Express,Khulna,Dhaka (Kamalapur),AC_S,clear,1,405,13,7,1,0
813,Cox's Bazar Express,Dhaka (Kamalapur),Cox's Bazar,AC_S,clear,0,452,6,22,0,0
723,Udayan Express,Sylhet,Chattogram,SNIGDHA,clear,0,430,14,10,0,0
766,Nilsagar Express,Chilahati,Dhaka (Kamalapur),AC_B,clear,0,460,13,5,0,0
788,Sonar Bangla Express,Chattogram,Dhaka (Kamalapur),AC_B,heavy_rain,0,320,4,10,0,1
813,Cox's Bazar Express,Dhaka (Kamalapur),Cox's Bazar,AC_S,light_rain,28,452,6,16,0,1
702,Subarna Express,Chattogram,Dhaka (Kamalapur),AC_S,cloudy,16,320,4,19,1,1
721,Mohanagar Express,Dhaka (Kamalapur),Chattogram,S_CHAIR,clear,30,320,8,0,0,1
706,Ekota Express,Panchagarh,Dhaka (Kamalapur),AC_S,light_rain,0,480,14,12,0,1
701,Subarna Express,Dhaka (Kamalapur),Chattogram,S_CHAIR,clear,0,320,4,6,0,0
802,Chattala Express,Dhaka (Kamalapur),Chattogram,SHOVAN,clear,0,320,12,1,0,0
788,Sonar Bangla Express,Chattogram,Dhaka (Kamalapur),AC_B,cloudy,4,320,4,15,0,1
788,Sonar Bangla Express,Chattogram,Dhaka (Kamalapur),AC_B,clear,1,320,4,10,0,0
813,Cox's Bazar Express,Dhaka (Kamalapur),Cox's Bazar,SNIGDHA,clear,0,452,6,11,0,0
701,Subarna Express,Dhaka (Kamalapur),Chattogram,SHULOV,clear,0,320,4,11,0,0
741,Turna Nishitha,Dhaka (Kamalapur),Chattogram,SHULOV,clear,25,320,8,17,1,1
759,Padma Express,Dhaka (Kamalapur),Rajshahi,SNIGDHA,clear,0,343,9,23,0,0
761,Sagardari Express,Khulna,Rajshahi,F_CHAIR,clear,0,280,12,14,0,0
769,Dhumketu Express,Dhaka (Kamalapur),Rajshahi,SHULOV,clear,1,343,8,20,1,0
741,Turna Nishitha,Dhaka (Kamalapur),Chattogram,AC_B,light_rain,28,320,8,20,1,1
769,Dhumketu Express,Dhaka (Kamalapur),Rajshahi,SHULOV,clear,0,343,8,2,0,0
793,Panchagarh Express,Dhaka (Kamalapur),Panchagarh,SHOVAN,cloudy,8,480,11,15,0,1
710,Parabat Express,Sylhet,Dhaka (Kamalapur),AC_S,clear,0,319,11,4,0,0
793,Panchagarh Express,Dhaka (Kamalapur),Panchagarh,SHOVAN,cloudy,0,480,11,15,0,0
742,Turna Nishitha,Chattogram,Dhaka (Kamalapur),SHOVAN,clear,32,320,8,7,1,1
710,Parabat Express,Sylhet,Dhaka (Kamalapur),SHOVAN,light_rain,0,319,11,22,0,1
791,Banalata Express,Dhaka (Kamalapur),Rajshahi,SNIGDHA,cloudy,9,343,3,4,0,0
706,Ekota Express,Panchagarh,Dhaka (Kamalapur),SHULOV,clear,28,480,14,15,0,0
723,Udayan Express,Sylhet,Chattogram,AC_S,light_rain,0,430,14,8,1,1
759,Padma Express,Dhaka (Kamalapur),Rajshahi,SNIGDHA,clear,0,343,9,14,0,0
754,Silkcity Express,Rajshahi,Dhaka (Kamalapur),AC_B,light_rain,0,343,9,11,0,0
710,Parabat Express,Sylhet,Dhaka (Kamalapur),S_CHAIR,heavy_rain,51,319,11,12,0,1
739,Upaban Express,Dhaka (Kamalapur),Sylhet,SHOVAN,clear,0,319,10,8,1,0
737,Egarosindhur Provati,Dhaka (Kamalapur),Kishoreganj,F_CHAIR,light_rain,1,135,8,10,0,0
741,Turna Nishitha,Dhaka (Kamalapur),Chattogram,SHOVAN,clear,0,320,8,3,0,0
769,Dhumketu Express,Dhaka (Kamalapur),Rajshahi,AC_S,light_rain,7,343,8,7,1,0
797,Kurigram Express,Dhaka (Kamalapur),Kurigram,S_CHAIR,cloudy,19,500,15,4,0,0
773,Kalni Express,Dhaka (Kamalapur),Sylhet,S_CHAIR,light_rain,0,319,8,6,0,0
757,Drutojan Express,Dhaka (Kamalapur),Panchagarh,SHULOV,heavy_rain,0,480,13,15,0,1
741,Turna Nishitha,Dhaka (Kamalapur),Chattogram,SNIGDHA,clear,9,320,8,14,0,0
797,Kurigram Express,Dhaka (Kamalapur),Kurigram,SHOVAN,clear,5,500,15,4,0,1
707,Tista Express,Dhaka (Kamalapur),Jamalpur,SHULOV,light_rain,1,240,10,10,0,0
764,Chitra Express,Khulna,Dhaka (Kamalapur),S_CHAIR,light_rain,0,405,13,20,1,1
733,Titumir Express,Rajshahi,Chilahati,SHOVAN,clear,35,320,12,4,0,0
788,Sonar Bangla Express,Chattogram,Dhaka (Kamalapur),SNIGDHA,cloudy,0,320,4,12,0,0
706,Ekota Express,Panchagarh,Dhaka (Kamalapur),AC_S,clear,0,480,14,18,1,0
795,Benapole Express,Dhaka (Kamalapur),Benapole,AC_S,heavy_rain,0,420,7,23,0,1
759,Padma Express,Dhaka (Kamalapur),Rajshahi,AC_B,light_rain,0,343,9,13,0,0
702,Subarna Express,Chattogram,Dhaka (Kamalapur),SHOVAN,heavy_rain,7,320,4,1,0,1
739,Upaban Express,Dhaka (Kamalapur),Sylhet,SHOVAN,clear,0,319,10,1,0,0
701,Subarna Express,Dhaka (Kamalapur),Chattogram,AC_B,clear,0,320,4,11,0,0
777,Haor Express,Dhaka (Kamalapur),Mohanganj,SHULOV,cloudy,44,280,12,23,0,1
750,Egarosindhur Godhuli,Kishoreganj,Dhaka (Kamalapur),SHULOV,clear,0,135,8,8,1,0
759,Padma Express,Dhaka (Kamalapur),Rajshahi,SHOVAN,clear,0,343,9,20,1,0
815,Parjatak Express,Dhaka (Kamalapur),Cox's Bazar,S_CHAIR,clear,0,452,5,1,0,1
760,Padma Express,Rajshahi,Dhaka (Kamalapur),SHOVAN,heavy_rain,0,343,9,14,0,1
771,Rangpur Express,Dhaka (Kamalapur),Rangpur,AC_B,clear,14,465,12,16,0,0
815,Parjatak Express,Dhaka (Kamalapur),Cox's Bazar,S_CHAIR,cloudy,0,452,5,12,0,0
791,Banalata Express,Dhaka (Kamalapur),Rajshahi,AC_B,clear,26,343,3,14,0,0
705,Ekota Express,Dhaka (Kamalapur),Panchagarh,AC_S,cloudy,0,480,14,1,0,0
723,Udayan Express,Sylhet,Chattogram,SHOVAN,clear,4,430,14,2,0,0
725,Sundarban Express,Dhaka (Kamalapur),Khulna,SHULOV,clear,54,405,11,7,1,1
761,Sagardari Express,Khulna,Rajshahi,SHOVAN,clear,3,280,12,3,0,0
763,Chitra Express,Dhaka (Kamalapur),Khulna,SNIGDHA,cloudy,21,405,13,13,0,0
815,Parjatak Express,Dhaka (Kamalapur),Cox's Bazar,AC_B,light_rain,11,452,5,10,0,0
726,Sundarban Express,Khulna,Dhaka (Kamalapur),AC_S,cloudy,7,405,11,20,1,1
793,Panchagarh Express,Dhaka (Kamalapur),Panchagarh,SNIGDHA,light_rain,0,480,11,16,0,1
721,Mohanagar Express,Dhaka (Kamalapur),Chattogram,AC_S,clear,0,320,8,0,0,0
763,Chitra Express,Dhaka (Kamalapur),Khulna,AC_S,light_rain,25,405,13,17,1,1
763,Chitra Express,Dhaka (Kamalapur),Khulna,S_CHAIR,cloudy,2,405,13,9,1,1
750,Egarosindhur Godhuli,Kishoreganj,Dhaka (Kamalapur),S_CHAIR,cloudy,17,135,8,1,0,0
742,Turna Nishitha,Chattogram,Dhaka (Kamalapur),AC_B,clear,0,320,8,21,0,0
735,Agnibina Express,Dhaka (Kamalapur),Jamalpur,AC_B,clear,0,240,11,19,1,0
791,Banalata Express,Dhaka (Kamalapur),Rajshahi,AC_B,cloudy,0,343,3,22,0,0
760,Padma Express,Rajshahi,Dhaka (Kamalapur),S_CHAIR,light_rain,7,343,9,23,0,0
710,Parabat Express,Sylhet,Dhaka (Kamalapur),AC_S,clear,5,319,11,11,0,0
717,Joyantika Express,Dhaka (Kamalapur),Sylhet,AC_S,heavy_rain,22,319,13,19,1,1
741,Turna Nishitha,Dhaka (Kamalapur),Chattogram,AC_B,cloudy,5,320,8,14,0,0
763,Chitra Express,Dhaka (Kamalapur),Khulna,SHULOV,clear,0,405,13,20,1,1
723,Udayan Express,Sylhet,Chattogram,AC_B,cloudy,0,430,14,4,0,1
787,Sonar Bangla Express,Dhaka (Kamalapur),Chattogram,AC_B,clear,0,320,4,8,1,0
771,Rangpur Express,Dhaka (Kamalapur),Rangpur,S_CHAIR,light_rain,0,465,12,16,0,1
704,Mohanagar Godhuli,Chattogram,Dhaka (Kamalapur),SHOVAN,clear,0,320,9,2,0,0
737,Egarosindhur Provati,Dhaka (Kamalapur),Kishoreganj,SHOVAN,light_rain,20,135,8,4,0,1
764,Chitra Express,Khulna,Dhaka (Kamalapur),SHULOV,clear,0,405,13,16,0,0
723,Udayan Express,Sylhet,Chattogram,SNIGDHA,light_rain,0,430,14,4,0,1
787,Sonar Bangla Express,Dhaka (Kamalapur),Chattogram,SNIGDHA,light_rain,0,320,4,1,0,0
759,Padma Express,Dhaka (Kamalapur),Rajshahi,AC_B,clear,10,343,9,8,1,1
722,Mohanagar Express,Chattogram,Dhaka (Kamalapur),S_CHAIR,heavy_rain,4,320,8,23,0,1
769,Dhumketu Express,Dhaka (Kamalapur),Rajshahi,SHULOV,light_rain,7,343,8,6,0,1
788,Sonar Bangla Express,Chattogram,Dhaka (Kamalapur),AC_B,cloudy,12,320,4,18,1,0
705,Ekota Express,Dhaka (Kamalapur),Panchagarh,AC_B,cloudy,0,480,14,20,1,1
777,Haor Express,Dhaka (Kamalapur),Mohanganj,SNIGDHA,clear,0,280,12,21,0,0
788,Sonar Bangla Express,Chattogram,Dhaka (Kamalapur),AC_S,cloudy,0,320,4,13,0,0
707,Tista Express,Dhaka (Kamalapur),Jamalpur,AC_B,cloudy,2,240,10,13,0,0
761,Sagardari Express,Khulna,Rajshahi,SHOVAN,clear,0,280,12,0,0,0
709,Parabat Express,Dhaka (Kamalapur),Sylhet,AC_B,heavy_rain,2,319,11,6,0,1
701,Subarna Express,Dhaka (Kamalapur),Chattogram,SHOVAN,clear,4,320,4,9,1,1
766,Nilsagar Express,Chilahati,Dhaka (Kamalapur),AC_B,cloudy,0,460,13,13,0,0
702,Subarna Express,Chattogram,Dhaka (Kamalapur),SHULOV,clear,8,320,4,3,0,0
741,Turna Nishitha,Dhaka (Kamalapur),Chattogram,SHULOV,cloudy,0,320,8,17,1,0
753,Silkcity Express,Dhaka (Kamalapur),Rajshahi,AC_B,clear,60,343,9,5,0,1
791,Banalata Express,Dhaka (Kamalapur),Rajshahi,S_CHAIR,clear,9,343,3,6,0,0
760,Padma Express,Rajshahi,Dhaka (Kamalapur),SNIGDHA,clear,30,343,9,17,1,1
717,Joyantika Express,Dhaka (Kamalapur),Sylhet,SHOVAN,cloudy,0,319,13,10,0,0
726,Sundarban Express,Khulna,Dhaka (Kamalapur),AC_S,clear,0,405,11,17,1,0
754,Silkcity Express,Rajshahi,Dhaka (Kamalapur),SHULOV,cloudy,0,343,9,22,0,0
731,Barendra Express,Rajshahi,Chilahati,S_CHAIR,clear,7,320,13,6,0,0
741,Turna Nishitha,Dhaka (Kamalapur),Chattogram,SHOVAN,heavy_rain,23,320,8,17,1,1
722,Mohanagar Express,Chattogram,Dhaka (Kamalapur),SNIGDHA,cloudy,1,320,8,1,0,0
739,Upaban Express,Dhaka (Kamalapur),Sylhet,SNIGDHA,cloudy,3,319,10,15,0,0
788,Sonar Bangla Express,Chattogram,Dhaka (Kamalapur),SNIGDHA,clear,0,320,4,3,0,0
723,Udayan Express,Sylhet,Chattogram,SHULOV,clear,9,430,14,15,0,0
702,Subarna Express,Chattogram,Dhaka (Kamalapur),S_CHAIR,cloudy,40,320,4,5,0,1
771,Rangpur Express,Dhaka (Kamalapur),Rangpur,AC_S,light_rain,0,465,12,1,0,0
793,Panchagarh Express,Dhaka (Kamalapur),Panchagarh,AC_S,clear,0,480,11,12,0,0
739,Upaban Express,Dhaka (Kamalapur),Sylhet,SHULOV,light_rain,0,319,10,23,0,0
777,Haor Express,Dhaka (Kamalapur),Mohanganj,SNIGDHA,cloudy,0,280,12,21,0,0
769,Dhumketu Express,Dhaka (Kamalapur),Rajshahi,SHULOV,light_rain,8,343,8,17,1,0
754,Silkcity Express,Rajshahi,Dhaka (Kamalapur),SHULOV,clear,0,343,9,2,0,0
757,Drutojan Express,Dhaka (Kamalapur),Panchagarh,SHOVAN,cloudy,22,480,13,6,0,0
795,Benapole Express,Dhaka (Kamalapur),Benapole,AC_S,light_rain,73,420,7,11,0,1
793,Panchagarh Express,Dhaka (Kamalapur),Panchagarh,AC_S,light_rain,58,480,11,9,1,1
702,Subarna Express,Chattogram,Dhaka (Kamalapur),SHULOV,light_rain,0,320,4,16,0,1
802,Chattala Express,Dhaka (Kamalapur),Chattogram,SHULOV,clear,10,320,12,20,1,1
750,Egarosindhur Godhuli,Kishoreganj,Dhaka (Kamalapur),S_CHAIR,heavy_rain,0,135,8,23,0,1
788,Sonar Bangla Express,Chattogram,Dhaka (Kamalapur),AC_S,heavy_rain,0,320,4,12,0,0
701,Subarna Express,Dhaka (Kamalapur),Chattogram,AC_B,cloudy,89,320,4,19,1,1
777,Haor Express,Dhaka (Kamalapur),Mohanganj,S_CHAIR,clear,85,280,12,10,0,0
753,Silkcity Express,Dhaka (Kamalapur),Rajshahi,SHULOV,cloudy,66,343,9,2,0,1
753,Silkcity Express,Dhaka (Kamalapur),Rajshahi,AC_B,clear,50,343,9,0,0,0
721,Mohanagar Express,Dhaka (Kamalapur),Chattogram,SNIGDHA,clear,13,320,8,19,1,0
735,Agnibina Express,Dhaka (Kamalapur),Jamalpur,SHULOV,clear,26,240,11,10,0,0
750,Egarosindhur Godhuli,Kishoreganj,Dhaka (Kamalapur),F_BERTH,clear,0,135,8,5,0,0
726,Sundarban Express,Khulna,Dhaka (Kamalapur),SNIGDHA,clear,0,405,11,21,0,0
705,Ekota Express,Dhaka (Kamalapur),Panchagarh,SNIGDHA,cloudy,9,480,14,11,0,0
704,Mohanagar Godhuli,Chattogram,Dhaka (Kamalapur),SNIGDHA,cloudy,7,320,9,20,1,1
721,Mohanagar Express,Dhaka (Kamalapur),Chattogram,AC_B,cloudy,0,320,8,21,0,0
787,Sonar Bangla Express,Dhaka (Kamalapur),Chattogram,AC_S,clear,0,320,4,14,0,0
759,Padma Express,Dhaka (Kamalapur),Rajshahi,AC_B,heavy_rain,0,343,9,15,0,1
750,Egarosindhur Godhuli,Kishoreganj,Dhaka (Kamalapur),SHULOV,clear,0,135,8,13,0,0
722,Mohanagar Express,Chattogram,Dhaka (Kamalapur),SHOVAN,heavy_rain,0,320,8,19,1,1
709,Parabat Express,Dhaka (Kamalapur),Sylhet,AC_B,cloudy,18,319,11,7,1,0
703,Mohanagar Provati,Dhaka (Kamalapur),Chattogram,S_CHAIR,cloudy,0,320,9,10,0,0
706,Ekota Express,Panchagarh,Dhaka (Kamalapur),AC_S,light_rain,0,480,14,3,0,0
815,Parjatak Express,Dhaka (Kamalapur),Cox's Bazar,SNIGDHA,light_rain,64,452,5,9,1,1
704,Mohanagar Godhuli,Chattogram,Dhaka (Kamalapur),SHULOV,clear,0,320,9,7,1,0
735,Agnibina Express,Dhaka (Kamalapur),Jamalpur,AC_S,cloudy,0,240,11,15,0,0
759,Padma Express,Dhaka (Kamalapur),Rajshahi,S_CHAIR,clear,10,343,9,9,1,0
793,Panchagarh Express,Dhaka (Kamalapur),Panchagarh,SNIGDHA,clear,2,480,11,20,1,0
797,Kurigram Express,Dhaka (Kamalapur),Kurigram,F_CHAIR,clear,2,500,15,5,0,0
763,Chitra Express,Dhaka (Kamalapur),Khulna,AC_B,cloudy,0,405,13,21,0,0
